,sample_20035,Sample_20139,sample_20185,Sample_20260,Sample_20464,sample_20476,Sample_20654,Sample_20655,Sample_20688,Sample_20736,sample_B10,Sample_B11,Sample_B12,Sample_B13,Sample_B14,sample_B15,Sample_B2,Sample_B3,Sample_B4,Sample_B5,sample_B6,Sample_B7,Sample_B8,Sample_B9,Sample_C1,sample_C10,Sample_C11,Sample_C12,Sample_C13,Sample_C14,Sample_C15,Sample_C2,Sample_C3,Sample_C4,Sample_C5,Sample_C6,Sample_C7,Sample_C8,Sample_C9
hsa-let-7a-5p,1738,5174,6384,1672,4026,3928,176,114,9591,4561,46,445,1007,317,280,478,1363,934,3342,211,1410,1264,2455,649,94,429,230,414,63,35,9,114,80,320,59,49,32,263,0
hsa-let-7c-5p,56,48,55,59,57,58,2,0,365,145,0,3,12,0,6,8,42,7,39,1,24,100,66,18,6,4,29,12,0,0,0,3,1,0,0,0,0,10,0
hsa-let-7e-5p,50,287,475,89,596,236,9,16,1032,155,0,19,2,7,0,3,143,34,74,20,10,64,112,10,13,14,1,11,0,0,0,12,2,0,0,0,6,0,0
hsa-let-7f-5p,3798,13613,15458,3369,10895,8360,455,148,12731,6284,55,409,1293,259,295,524,3490,1500,9905,213,1663,1851,2841,782,106,272,165,162,81,11,4,101,54,133,77,44,47,160,1
hsa-let-7g-5p,2699,999,1272,331,1386,1862,121,26,1967,869,0,81,283,45,101,191,694,119,3046,58,699,433,652,155,34,280,46,82,9,0,1,51,37,33,22,17,7,105,1
hsa-let-7i-5p,4612,4400,5463,1722,8071,22718,368,171,39555,20852,68,949,2349,672,1222,1575,4472,2706,16062,352,4723,2635,4313,1204,96,828,177,450,55,86,13,153,99,130,117,177,56,218,2
hsa-miR-100-5p,798,198,119,10472,98,44,12,16,161,98,41,331,712,74,503,62,1573,83,4609,1050,7611,2598,4349,185,10,20,66,38,16,14,2,70,1,13,25,11,9,2,1
hsa-miR-101-3p,1849,726,1150,958,1846,1796,100,14,1669,1293,47,324,1865,226,206,597,1720,374,7653,192,2682,1413,2496,762,56,180,66,77,18,33,9,48,12,25,39,39,47,95,1
hsa-miR-101-5p,1847,727,1130,958,1822,1768,100,14,1652,1278,47,325,1832,227,198,592,1694,364,7538,180,2662,1411,2443,750,56,173,66,77,18,33,11,48,12,25,39,39,47,95,1
hsa-miR-103a-2-5p,16036,3255,4604,5929,5073,2982,440,318,10819,6668,607,8190,13732,2528,29632,6680,7727,10546,48634,3959,40076,6669,28711,5017,300,903,894,498,345,123,36,470,134,1021,160,266,218,860,4
hsa-miR-103a-3p,16036,3252,4594,5929,5073,2981,440,318,10819,6664,607,8186,13732,2528,29634,6680,7727,10546,48634,3959,40076,6669,28711,5017,300,903,894,498,345,123,36,470,134,1021,160,266,218,860,4
hsa-miR-106a-5p,26,6,0,0,0,2,0,0,0,0,0,0,3,0,0,0,1,0,0,0,8,0,0,0,0,0,0,0,0,0,0,0,0,0,0,0,0,0,0
hsa-miR-106b-5p,198,146,98,154,381,560,22,8,607,264,131,434,1711,271,424,418,612,520,2357,158,1700,832,1038,451,15,42,29,33,1,0,10,16,2,8,6,3,7,33,0
hsa-miR-107,15957,1201,2604,5639,3743,2732,433,310,10456,6268,607,8150,13610,2509,29574,6654,7524,10465,48406,3929,39980,6510,28518,4954,300,894,869,484,345,109,36,470,134,1017,154,266,212,860,4
hsa-miR-10a-5p,27343,8078,9748,11958,7881,2758,162,156,13076,1545,349,3066,6256,1580,6446,848,19279,10381,19019,1394,12395,19274,26491,2862,198,309,424,160,138,139,27,334,95,313,236,178,88,200,10
hsa-miR-10b-5p,10314,12832,14387,21541,7373,794,422,571,6452,1540,979,9181,20422,6725,7254,1790,35319,61953,38660,2384,31641,47139,81813,10866,225,404,1116,183,112,132,21,585,144,336,299,212,256,228,12
hsa-miR-1180-5p,14,0,0,17,0,1,0,0,29,5,0,37,85,16,32,17,8,0,45,21,76,23,41,3,2,2,6,1,0,10,0,9,0,0,0,0,0,0,0
hsa-miR-1185-5p,0,5,8,0,7,0,0,0,0,0,0,0,0,0,0,0,10,4,2,0,0,0,0,0,0,0,0,0,0,0,0,0,0,0,0,0,0,0,0
hsa-miR-1197,0,0,0,0,5,1,0,0,4,1,0,0,0,0,0,0,2,0,0,0,0,4,0,0,0,0,0,0,0,0,0,0,0,0,0,0,0,0,0
hsa-miR-122-5p,50,6,3,310,6,5,0,0,83,21,0,33,19,19,18,0,49,4,103,53,245,198,118,1,21,51,35,396,0,2,0,56,13,106,5,11,2,0,0
hsa-miR-1228-5p,3,0,0,2,0,2,0,0,12,3,1,0,0,0,0,1,0,0,0,0,0,0,4,0,3,0,0,0,0,1,0,0,0,0,0,0,0,0,0
hsa-miR-1229-3p,0,0,0,0,4,0,0,0,5,0,0,0,0,0,0,0,0,0,0,0,0,1,0,0,5,0,0,0,0,0,0,0,0,0,0,0,0,0,0
hsa-miR-1229-5p,0,0,0,11,4,0,0,0,5,0,0,0,0,0,0,0,0,0,0,0,0,1,0,0,5,0,0,0,0,0,0,0,0,0,0,0,0,0,0
hsa-miR-1238-5p,0,5,0,0,0,0,0,0,6,0,0,0,2,4,0,0,0,2,0,0,0,0,0,0,0,0,0,0,0,0,0,0,0,0,0,0,0,0,0
hsa-miR-124-5p,0,0,5,9,0,0,0,0,0,3,0,0,0,0,0,0,3,0,0,0,0,0,0,0,0,0,0,0,0,0,0,0,0,0,0,0,0,0,0
hsa-miR-1246,0,0,0,0,0,0,0,0,0,0,0,0,0,0,0,0,0,0,0,0,0,3355,0,0,0,0,0,0,0,0,0,0,0,0,0,0,0,0,0
hsa-miR-1247-3p,0,0,0,0,0,0,0,0,0,0,0,0,0,0,0,0,0,7,0,0,0,0,0,0,0,0,0,0,0,0,0,0,0,0,0,0,0,0,0
hsa-miR-1247-5p,0,0,3,11,0,0,8,0,0,0,0,10,6,0,0,0,1,10,0,6,5,3,5,0,0,4,0,2,0,0,0,4,0,0,0,0,0,0,0
hsa-miR-1254,0,1,5,0,0,0,0,0,0,0,0,4,0,3,0,0,12,0,13,0,16,1,19,0,0,0,0,0,0,0,0,0,0,0,0,0,0,0,0
hsa-miR-1255a,0,0,0,0,0,0,0,0,10,0,0,0,0,0,0,0,0,0,0,0,0,0,0,0,0,0,0,0,0,0,0,0,0,0,0,0,0,0,0
hsa-miR-1258,0,0,0,0,0,0,0,0,0,0,0,0,0,0,0,0,0,0,0,0,0,1,0,0,0,0,0,0,0,0,0,0,0,0,0,0,0,0,0
hsa-miR-125a-5p,2061,1469,1725,1258,837,307,11,4,1387,98,87,543,805,166,158,131,2631,153,1736,892,2608,3240,2548,869,92,117,220,79,7,37,6,227,8,14,30,37,1,57,6
hsa-miR-125b-2-3p,0,0,0,0,96,0,0,6,0,0,0,0,0,0,0,0,0,26,0,0,0,0,0,30,0,9,0,0,6,0,0,0,0,0,0,0,0,0,0
hsa-miR-125b-5p,884,91,91,1850,220,50,8,7,492,51,24,201,385,63,259,44,669,65,1404,837,3950,1572,1496,83,25,11,89,69,10,8,9,174,5,17,11,14,0,18,0
hsa-miR-126-5p,20244,17744,14133,16065,21170,13628,194,181,40658,20779,72,644,2514,484,321,429,14735,536,18127,431,3598,8048,11672,2857,238,364,369,339,63,73,32,142,40,152,241,185,113,100,8
hsa-miR-1260a,0,0,0,0,0,0,0,0,0,0,0,0,0,0,0,0,0,0,0,0,0,0,0,0,0,0,0,0,0,6,0,0,0,0,0,0,0,0,0
hsa-miR-1260b,0,62,0,0,0,0,0,0,94,0,0,0,0,0,0,0,15,0,0,0,0,0,0,0,0,0,0,0,0,0,0,0,0,0,0,0,0,0,0
hsa-miR-1262,0,0,0,0,3,0,0,0,0,0,0,0,0,0,0,0,0,0,0,0,0,0,0,0,0,0,0,0,0,0,0,0,0,0,0,0,0,0,0
hsa-miR-1266-5p,0,0,0,0,0,0,0,0,0,0,0,0,0,0,0,0,0,0,3,0,0,0,0,0,0,0,0,0,0,0,0,0,0,0,0,0,0,0,0
hsa-miR-127-5p,414,978,1851,571,2106,1604,0,25,5395,1802,291,270,306,104,642,104,3062,52,443,112,337,886,347,581,8,7,6,58,0,10,0,33,0,13,5,10,2,3,1
hsa-miR-1270,7,6,5,0,0,2,0,0,13,2,0,1,0,1,7,7,4,12,17,5,0,2,0,7,0,0,0,0,0,0,0,0,0,0,0,0,0,0,0
hsa-miR-1271-5p,6,4,9,4,16,7,0,0,30,16,0,0,0,0,0,0,49,0,46,0,18,11,3,4,0,0,0,1,0,0,0,1,0,0,0,0,0,0,0
hsa-miR-1273c,0,0,0,0,0,0,0,0,0,0,0,0,0,0,0,0,0,0,0,0,0,0,14,0,0,0,0,0,0,0,0,0,0,0,0,0,0,0,0
hsa-miR-1273h-5p,0,0,0,0,0,0,0,0,0,0,0,0,0,0,8,0,0,0,0,0,0,0,0,0,0,0,0,0,0,0,0,0,0,0,0,0,0,0,0
hsa-miR-1275,9,0,0,0,0,0,0,0,3,0,7,4,0,0,0,0,0,0,0,0,0,2,0,13,0,0,0,0,0,0,0,0,0,0,0,0,0,0,0
hsa-miR-1276,5,0,0,3,0,0,0,0,0,0,0,0,0,0,0,0,0,0,0,0,2,1,8,0,0,0,0,0,0,0,0,0,0,0,0,0,0,0,0
hsa-miR-1278,0,0,0,0,0,3,0,0,0,0,0,0,0,0,0,0,4,0,0,0,0,0,0,0,0,0,0,0,0,0,0,0,0,0,0,0,0,0,0
hsa-miR-128-1-5p,994,420,526,811,733,415,35,5,934,359,27,245,991,116,269,163,905,322,2238,172,1665,663,1096,377,12,49,34,28,7,0,0,14,2,30,14,9,15,25,1
hsa-miR-128-2-5p,969,329,471,805,644,341,35,5,787,292,26,228,940,116,263,140,834,284,2181,169,1648,636,1072,349,12,49,19,24,7,0,0,9,2,30,14,9,15,25,1
hsa-miR-1283,0,0,0,0,0,0,0,0,0,0,0,0,0,0,0,0,0,0,0,0,0,7,0,0,0,0,0,0,0,0,0,0,0,0,0,0,0,0,0
hsa-miR-1284,0,0,7,0,0,1,0,0,0,0,0,0,0,0,0,5,0,0,0,0,0,0,0,0,0,0,0,0,0,0,0,0,0,0,0,0,0,0,0
hsa-miR-1287-5p,8,0,0,4,15,16,0,0,42,14,4,4,14,0,0,1,4,0,21,23,29,17,25,13,0,0,6,3,0,0,0,0,0,0,0,0,0,0,0
hsa-miR-129-5p,0,0,0,0,2,3,0,0,0,0,0,0,3,0,0,0,0,0,0,0,0,2,0,0,0,0,0,0,0,0,0,0,0,0,0,0,0,0,0
hsa-miR-1291,0,1,0,0,0,0,0,0,0,0,0,0,0,0,0,0,0,0,4,0,0,0,4,0,0,0,0,0,0,0,0,0,0,0,0,0,0,0,0
hsa-miR-1292-5p,0,0,0,0,3,0,0,0,2,2,0,0,0,0,0,0,4,0,11,0,0,3,0,5,0,0,0,0,0,0,0,0,0,0,0,0,0,0,0
hsa-miR-1293,0,0,0,5,0,0,0,0,0,0,0,0,0,0,0,0,0,0,0,0,0,0,0,0,0,0,0,0,0,0,0,0,0,0,0,0,0,0,0
hsa-miR-1294,3,0,5,0,2,3,0,0,10,0,0,0,0,0,2,6,7,0,0,0,0,5,0,0,0,0,5,0,0,0,0,0,0,0,2,0,0,0,0
hsa-miR-1295a,0,0,0,0,0,0,0,0,0,0,0,0,1,0,0,0,0,0,12,0,0,0,0,0,0,0,0,0,0,0,0,0,0,0,0,0,0,0,0
hsa-miR-1295b-5p,0,0,0,3,2,0,0,0,0,0,0,0,0,0,0,0,0,0,0,0,0,0,4,0,0,0,0,0,0,0,0,0,0,0,0,0,0,0,0
hsa-miR-1296-5p,3,3,10,0,3,7,0,0,0,1,0,0,0,0,0,0,0,0,5,0,0,6,2,0,0,0,0,0,0,0,0,0,0,0,0,0,0,0,0
hsa-miR-1299,0,0,0,0,0,0,0,0,8,0,0,0,0,0,0,0,0,0,0,0,11,0,0,0,0,0,0,0,0,0,0,0,0,0,0,0,0,0,0
hsa-miR-1301-5p,47,97,53,13,45,26,0,0,0,37,5,8,9,1,8,0,57,5,58,12,0,0,0,15,6,4,3,1,0,3,0,7,0,0,0,1,0,0,0
hsa-miR-1304-5p,0,0,32,0,194,154,0,0,156,0,0,0,273,0,0,27,199,70,0,46,79,86,69,263,0,0,0,0,4,0,0,0,0,0,0,0,0,0,0
hsa-miR-1306-3p,0,0,6,0,2,5,0,0,0,2,0,6,0,0,0,0,0,0,0,3,9,7,16,0,0,0,0,0,0,0,0,1,0,0,0,0,0,0,0
hsa-miR-1306-5p,0,4,6,0,0,6,0,0,33,3,0,6,11,0,0,10,3,3,6,4,9,7,16,1,0,4,0,0,0,0,0,1,0,0,0,0,0,0,0
hsa-miR-1307-5p,1084,660,670,1372,950,613,53,27,961,500,296,723,835,166,1498,193,1494,1049,3251,315,2171,1753,1808,536,36,37,6,106,15,15,8,61,1,0,27,0,20,31,0
hsa-miR-130a-5p,1517,1377,938,1767,958,891,93,52,2121,866,60,333,617,93,640,170,1853,899,3035,122,2237,1024,2310,354,96,42,32,40,25,13,2,36,8,190,20,21,12,58,1
hsa-miR-130b-5p,648,364,464,981,373,482,103,26,873,256,49,246,662,87,647,123,494,784,2353,95,1218,422,1068,246,17,59,9,19,2,1,1,13,10,134,10,9,16,18,0
hsa-miR-132-5p,48,15,4,15,103,47,0,0,102,60,3,16,44,10,22,0,53,24,51,4,40,41,35,40,0,0,0,0,8,0,0,0,3,0,6,0,0,0,0
hsa-miR-1322,21,5,6,8,4,29,0,0,15,9,0,0,5,0,0,12,11,4,87,0,8,11,27,1,0,0,0,0,0,0,0,1,0,0,0,0,0,0,0
hsa-miR-1323,0,6,0,0,0,0,0,0,0,2,0,0,0,0,0,0,3,0,0,0,0,0,2,0,0,0,0,0,0,0,0,0,0,0,0,0,0,0,0
hsa-miR-133a-5p,27,81,150,0,11,25,0,3,65,11,0,7,21,7,0,0,25,0,33,5,7,17,15,15,6,10,0,2,0,0,0,11,0,0,0,0,0,0,0
hsa-miR-133b,0,0,0,0,0,1,0,0,4,0,0,0,0,0,0,0,0,0,0,0,0,0,5,0,0,0,0,0,0,0,0,0,0,0,0,0,0,0,0
hsa-miR-134-5p,14,26,14,3,88,114,0,4,222,150,0,11,12,6,2,7,96,0,26,0,0,27,5,25,0,0,19,4,0,0,0,8,0,14,9,0,0,0,0
hsa-miR-1343-5p,0,13,6,0,0,0,0,0,14,0,0,0,1,0,0,0,5,0,0,1,0,0,5,3,0,0,0,9,0,3,0,0,0,0,0,0,0,0,0
hsa-miR-136-5p,50,68,153,50,124,63,0,0,300,81,0,11,0,2,23,2,154,4,59,0,9,26,24,13,0,0,0,0,0,0,0,0,1,0,0,0,0,0,0
hsa-miR-138-5p,0,0,0,0,0,0,0,0,0,0,0,0,0,0,0,0,4,0,3,0,0,0,2,0,0,0,0,0,0,0,0,0,0,0,0,0,0,0,0
hsa-miR-139-5p,29,21,23,57,24,11,5,0,67,12,5,9,14,7,1,0,12,0,25,0,6,0,0,7,0,0,0,0,0,0,0,0,0,0,0,0,0,0,0
hsa-miR-140-5p,1825,887,995,411,3692,2224,64,14,1937,1590,77,508,2027,203,491,311,1746,240,4715,262,1741,1717,1714,1407,43,113,37,101,8,38,1,47,1,27,28,26,12,16,1
hsa-miR-141-5p,228,16,13,14,8,19,0,0,65,2,0,13,6,0,0,5,47,0,174,0,31,40,28,6,0,0,3,4,0,5,0,0,0,0,4,1,0,0,0
hsa-miR-142-5p,52093,5096,11364,3930,11332,12558,537,147,9592,4090,148,1119,7179,466,1491,1580,8231,1018,65085,833,9031,5804,6949,4739,219,1038,276,353,247,112,28,449,72,70,146,242,167,779,2
hsa-miR-143-5p,9844,1487,1022,978,1806,2175,28,12,3820,1278,12,115,458,159,489,406,4249,1737,7650,124,2743,1893,1295,381,48,51,87,66,22,13,8,31,7,31,85,34,24,118,0
hsa-miR-144-5p,137,269,270,171,0,0,6,0,121,67,0,0,0,0,0,0,0,0,0,0,0,207,0,0,0,7,0,0,5,0,0,2,0,0,5,6,10,11,0
hsa-miR-145-5p,68,19,14,46,9,7,0,0,55,5,6,0,10,0,1,0,155,0,124,10,115,51,54,11,0,3,0,0,0,0,0,2,0,0,0,0,0,5,0
hsa-miR-1468-5p,16,5,3,15,44,42,0,0,63,34,0,27,91,16,45,5,61,6,46,62,148,128,74,46,4,6,0,3,0,0,1,1,0,0,0,0,0,2,0
hsa-miR-146a-5p,5031,2397,345,366,1364,623,30,24,2728,900,0,57,112,57,260,40,1627,632,2374,63,447,1186,783,196,32,53,15,28,24,0,3,24,2,0,17,20,6,29,1
hsa-miR-146b-3p,248,0,0,0,181,116,14,0,0,0,7,58,175,45,134,41,0,87,0,13,225,0,181,84,0,0,0,10,0,0,1,0,0,0,0,0,0,9,0
hsa-miR-146b-5p,395,322,158,226,283,140,16,1,139,43,7,68,185,45,137,46,141,143,345,33,253,242,310,114,7,16,9,10,0,0,1,0,0,0,0,8,0,9,0
hsa-miR-148a-3p,8224,2345,6324,5811,8035,7928,466,168,11998,5229,74,1015,6305,1627,716,717,10352,3154,65091,774,7020,5104,5400,1795,137,204,185,177,70,68,42,314,135,187,128,49,109,415,1
hsa-miR-148a-5p,8336,2388,6366,5901,8205,8025,470,176,12129,5285,78,1059,6575,1674,785,719,10686,3211,66667,815,7171,5348,5554,1918,141,205,185,177,70,77,42,322,139,187,129,49,109,436,1
hsa-miR-148b-5p,168,1224,2162,93,575,249,0,0,513,343,0,23,42,0,31,18,324,27,401,8,93,139,103,25,0,7,7,1,0,0,0,0,6,0,0,0,0,0,0
hsa-miR-149-5p,0,0,0,0,0,0,0,0,0,0,0,2,1,0,0,0,0,0,6,0,28,0,9,9,0,0,0,0,0,0,0,0,0,0,0,0,0,0,0
hsa-miR-150-5p,5682,633,436,2790,10736,2729,758,47,244,96,318,1244,3919,560,811,1231,1671,135,5571,936,4105,2637,1916,5992,133,477,77,157,34,34,10,625,21,90,23,61,15,419,1
hsa-miR-151b,5912,10383,12581,3753,22564,14118,157,111,16676,10880,477,1747,4413,1068,1859,1050,13979,2274,13042,1381,6788,10216,10377,6739,168,277,190,334,63,44,18,133,25,88,220,150,75,84,1
hsa-miR-152-5p,62,17,28,31,35,34,0,0,126,45,0,8,17,11,15,1,41,0,96,16,22,39,30,11,0,0,0,0,0,0,0,5,0,0,4,4,0,0,0
hsa-miR-153-3p,0,5,3,0,4,0,0,0,16,4,0,0,0,0,0,0,3,0,0,0,0,0,0,0,0,0,0,0,0,0,0,0,0,0,0,0,0,0,0
hsa-miR-153-5p,0,0,1,0,4,0,0,0,4,0,0,0,0,0,0,0,0,0,0,0,0,0,0,0,0,0,0,0,0,0,0,0,0,0,0,0,0,0,0
hsa-miR-1537-5p,0,4,0,0,0,0,0,0,0,0,0,0,0,0,0,0,0,0,3,0,0,0,0,0,0,0,0,0,0,0,0,0,0,0,0,0,0,0,0
hsa-miR-1538,8,6,11,0,33,15,0,6,25,14,13,4,16,0,2,9,7,16,9,12,19,16,0,22,0,2,5,2,0,0,0,8,0,6,0,0,0,0,0
hsa-miR-154-5p,0,8,0,0,4,10,0,0,4,1,0,0,0,0,0,0,7,0,0,0,0,3,3,0,0,0,0,0,0,0,0,0,0,0,0,0,0,0,0
hsa-miR-155-5p,65,80,53,77,132,31,5,0,37,40,0,24,44,1,0,0,49,29,262,1,18,64,131,40,0,7,0,6,0,0,0,2,0,0,4,0,1,6,0
hsa-miR-15a-5p,5926,915,2173,2347,1036,2082,101,45,8488,2725,113,1357,3586,296,1789,1217,2736,977,20837,366,10861,1755,6502,1195,108,355,367,167,98,74,18,168,37,152,73,73,37,272,2
hsa-miR-15b-5p,129,133,201,43,57,96,0,0,318,98,0,0,0,0,0,0,144,5,0,14,0,62,0,0,2,6,6,0,0,0,1,0,0,0,1,0,0,0,0
hsa-miR-16-5p,24436,6360,6652,3562,9431,13738,342,135,35039,10968,766,5802,25414,1281,3033,4237,15205,939,73777,3883,45092,17234,26152,10263,312,1531,687,624,332,261,77,440,41,109,352,224,254,959,4
hsa-miR-17-5p,0,158,114,28,87,64,0,0,169,83,0,14,32,9,15,9,64,0,0,2,29,49,46,10,0,0,0,2,0,0,0,0,0,0,0,0,1,10,0
hsa-miR-181a-5p,17944,15917,12962,10055,18477,24423,842,224,23642,6893,1624,6114,14200,2853,13653,3789,24339,16059,49770,4220,26467,14441,36296,12672,239,1065,503,357,304,146,22,392,99,260,268,155,88,431,6
hsa-miR-181b-5p,1375,833,506,995,1786,2449,153,36,2303,905,69,467,907,235,1300,247,1343,1172,3628,327,853,980,1854,762,19,99,24,77,29,11,1,34,11,83,25,19,1,29,0
hsa-miR-181c-5p,285,324,403,98,265,527,19,0,394,136,4,27,132,5,49,73,409,32,1161,12,232,309,284,127,11,1,9,4,0,0,2,14,5,0,0,5,0,2,0
hsa-miR-181d-5p,18,97,28,9,88,176,0,1,276,191,3,5,24,2,19,2,44,26,21,0,5,34,55,3,0,9,0,0,0,0,0,4,0,0,0,0,0,0,0
hsa-miR-182-5p,439,1403,993,365,1065,72,0,0,394,502,41,327,1101,171,267,292,625,0,2197,247,1079,1316,1497,351,4,69,0,43,10,0,5,17,8,0,0,2,10,52,1
hsa-miR-183-5p,24,61,25,15,30,5,0,0,0,0,6,41,89,0,18,10,59,2,161,4,0,0,0,55,4,6,0,1,2,0,0,1,0,5,0,0,0,1,0
hsa-miR-184,0,4,0,0,4,0,5,0,0,0,7,8,9,7,0,2,0,0,0,5,2,13,22,0,7,0,0,0,0,0,1,0,0,0,3,0,0,0,0
hsa-miR-185-5p,21,25,24,2,70,31,0,0,58,13,20,40,54,4,18,11,68,15,77,41,66,28,0,34,0,10,0,5,0,7,0,1,4,0,0,0,0,8,0
hsa-miR-186-5p,5431,2034,2056,1872,3453,2573,104,22,5644,1105,428,1032,3586,464,1072,446,7266,658,19235,1130,8005,4905,5655,2785,98,360,60,121,61,14,5,71,8,87,41,22,29,196,3
hsa-miR-187-5p,0,0,0,0,0,0,0,0,2,0,0,0,0,0,0,0,0,0,0,0,0,0,3,0,0,0,0,0,0,0,0,0,0,0,0,0,0,0,0
hsa-miR-188-5p,0,8,4,15,11,1,0,0,4,4,0,14,20,4,21,0,4,2,45,2,24,6,12,1,0,0,0,0,5,0,0,0,0,0,0,0,0,0,0
hsa-miR-18a-5p,0,44,40,0,0,0,0,0,17,10,0,0,0,0,0,0,32,0,0,11,0,0,0,0,0,0,0,0,0,0,0,0,0,0,0,0,0,0,1
hsa-miR-18b-5p,11,0,0,0,0,0,0,0,0,0,0,0,0,8,0,0,0,0,7,0,0,0,0,0,0,0,0,0,0,0,0,0,0,0,0,0,0,0,0
hsa-miR-1908-5p,0,19,0,11,11,10,0,6,44,13,0,0,6,0,0,0,2,0,3,7,0,3,4,4,24,10,13,10,0,0,0,0,0,0,3,3,0,0,0
hsa-miR-1909-5p,0,0,0,0,0,0,0,0,0,0,0,0,0,0,0,0,0,0,0,0,0,0,0,6,0,0,0,0,0,0,0,0,0,0,0,0,0,0,0
hsa-miR-190b,3,0,0,0,0,2,0,0,0,0,0,0,0,0,0,0,0,0,2,0,2,0,0,3,0,0,0,0,0,0,0,0,0,0,0,0,0,2,0
hsa-miR-191-5p,5686,28117,24994,3745,12761,3824,71,98,10586,4671,157,881,3042,287,662,360,7519,370,8053,1214,2051,6296,3800,3292,65,62,144,241,20,18,8,99,16,27,91,67,61,80,1
hsa-miR-1915-5p,0,0,0,0,0,0,0,0,0,0,0,0,0,0,0,0,0,0,5,0,0,0,0,0,0,0,0,0,0,0,0,0,0,0,0,0,0,0,0
hsa-miR-192-5p,4695,449,631,11589,1176,648,51,134,920,895,94,1702,3204,692,1743,314,2293,331,16329,2030,11847,11288,5832,1018,95,161,125,242,30,42,37,242,30,70,55,29,72,87,1
hsa-miR-193a-5p,0,0,3,3,0,3,0,0,0,0,0,0,0,0,0,0,0,13,19,0,10,0,5,0,0,1,0,6,0,0,0,0,0,0,0,0,0,0,0
hsa-miR-193b-3p,0,5,0,0,0,3,0,0,0,0,0,0,0,0,0,0,0,0,0,0,0,0,0,14,0,0,0,0,0,0,0,0,4,0,0,0,0,0,0
hsa-miR-193b-5p,27,5,0,225,5,5,7,19,31,20,0,0,135,54,0,2,15,18,143,154,191,0,0,18,8,9,56,66,0,0,0,51,9,57,7,13,0,0,1
hsa-miR-194-5p,18,27,12,150,27,10,0,0,19,14,0,4,49,3,31,0,9,0,112,17,67,78,47,11,0,0,0,3,0,0,0,0,0,6,0,0,0,0,0
hsa-miR-195-5p,0,0,0,2,11,5,0,0,0,8,0,0,8,0,1,0,0,0,6,3,9,0,0,0,0,0,0,0,0,0,0,0,0,0,0,0,0,0,0
hsa-miR-196a-5p,0,0,0,0,0,9,0,0,3,0,0,0,0,0,0,0,3,0,5,0,0,0,0,2,3,0,0,0,0,0,0,0,0,0,0,0,0,0,0
hsa-miR-196b-5p,3,14,0,0,4,5,0,0,20,9,0,4,0,0,0,0,13,0,17,0,5,0,0,0,0,1,0,0,0,0,0,0,0,0,4,0,0,0,0
hsa-miR-197-5p,43,71,29,54,112,64,0,5,182,28,8,33,49,24,21,46,60,10,56,71,61,37,53,100,4,3,4,15,0,1,1,15,0,9,1,4,0,0,0
hsa-miR-1972,1,0,0,0,0,0,0,0,0,0,0,4,0,0,0,0,0,0,0,0,0,0,0,0,0,0,0,0,0,0,0,0,0,0,0,0,0,0,0
hsa-miR-1976,18,0,9,18,29,4,0,0,20,10,0,12,0,1,4,3,2,9,6,12,12,21,8,7,7,5,7,8,3,0,0,7,0,0,4,0,0,0,0
hsa-miR-199a-5p,2768,2906,2844,2177,1735,2882,58,51,10639,3083,12,206,302,58,399,99,2092,293,2203,64,629,862,675,252,44,42,53,33,4,5,3,23,5,7,56,30,5,15,0
hsa-miR-199b-5p,2675,2632,2374,2120,1594,2828,53,48,10337,3023,12,197,287,59,399,102,1884,293,2138,57,602,779,656,241,44,30,46,31,4,5,3,23,5,7,56,30,5,15,0
hsa-miR-19a-5p,78,13,73,6,28,24,3,0,68,12,0,11,43,0,1,7,53,2,125,0,44,28,42,15,0,0,0,9,0,0,0,0,0,0,0,0,0,5,0
hsa-miR-19b-1-5p,176,95,107,62,137,92,12,4,148,54,25,47,242,3,25,21,279,17,881,26,210,154,193,95,0,17,3,11,3,3,0,0,0,0,1,1,7,2,0
hsa-miR-19b-2-5p,176,95,107,62,137,92,12,4,148,54,25,47,242,3,25,21,281,17,881,26,210,154,195,95,0,17,3,11,3,3,0,1,0,0,1,1,7,2,0
hsa-miR-200a-5p,1,3,1,0,0,0,0,0,16,8,0,6,3,0,0,0,15,0,26,0,7,8,8,0,0,1,0,0,0,0,1,0,0,0,0,0,0,3,0
hsa-miR-200b-5p,0,0,4,15,6,0,0,0,0,0,0,0,0,0,0,0,4,0,8,0,5,0,0,0,0,0,12,0,0,0,0,0,0,0,0,6,0,0,0
hsa-miR-200c-5p,0,0,0,0,0,0,0,0,0,0,0,0,0,0,0,0,0,0,0,0,0,3,2,1,0,4,0,0,0,0,0,0,0,0,0,0,0,0,0
hsa-miR-202-3p,27,0,0,0,0,0,0,0,4,0,0,3,9,0,0,0,2,0,3,0,0,1,0,0,0,0,0,0,0,0,0,0,0,0,0,0,0,0,0
hsa-miR-202-5p,27,0,8,0,0,0,0,0,4,0,0,3,9,0,4,0,2,0,3,9,9,1,0,0,0,0,0,0,0,0,0,0,0,0,0,0,0,0,0
hsa-miR-203a-5p,18,3,0,18,4,0,0,0,0,5,8,9,11,0,8,6,21,0,48,0,13,15,38,7,13,0,13,0,0,0,0,0,0,0,0,0,0,1,0
hsa-miR-204-5p,21,43,22,48,14,4,0,0,4,7,0,14,24,3,4,0,16,0,7,3,9,15,16,31,0,0,0,2,0,0,0,0,0,0,0,0,0,0,0
hsa-miR-205-5p,1,0,0,21,0,0,3,0,23,2,0,215,26,5,4,9,130,0,95,0,99,39,80,18,7,9,7,9,0,0,4,7,0,0,0,0,2,0,0
hsa-miR-208b-5p,0,0,0,0,0,0,0,0,0,2,0,0,0,0,9,0,8,0,4,0,2,0,0,0,0,0,0,0,0,0,0,0,0,0,0,0,0,0,0
hsa-miR-20a-5p,40,61,86,19,53,27,0,0,49,51,0,0,22,0,0,6,13,0,98,0,19,18,26,11,0,0,0,0,0,0,0,0,1,0,0,0,0,0,0
hsa-miR-20b-5p,0,9,0,4,4,1,3,0,8,0,0,3,2,0,0,0,0,0,23,1,0,2,0,0,0,0,0,0,0,0,0,0,0,0,0,0,0,0,0
hsa-miR-21-5p,38183,12000,18972,44611,20811,19005,1875,569,21787,8240,217,2416,8173,1544,6147,1807,16200,22843,87236,674,13160,8698,20016,3861,236,724,348,412,312,106,37,397,161,838,311,279,202,817,6
hsa-miR-210-5p,64,20,10,96,47,50,5,0,137,114,177,583,221,40,349,72,153,63,697,410,781,386,609,133,0,16,4,0,7,0,0,8,0,0,8,13,0,0,0
hsa-miR-211-5p,0,0,4,0,0,0,0,0,0,0,0,2,2,0,0,0,0,0,0,0,0,0,0,0,0,0,0,0,0,0,0,0,0,0,0,0,0,0,0
hsa-miR-2110,0,0,26,0,0,0,0,0,0,0,0,0,0,0,0,6,0,0,0,0,0,0,0,0,0,0,0,0,0,0,0,0,0,0,0,0,0,0,0
hsa-miR-2114-5p,0,0,0,0,0,0,0,0,0,0,0,0,0,0,0,0,3,0,0,0,0,0,0,0,0,0,0,0,0,0,0,0,0,0,0,0,0,0,0
hsa-miR-2115-5p,12,0,0,10,3,1,0,0,0,0,0,0,0,0,2,0,3,12,5,0,0,5,0,0,0,0,0,0,0,0,0,0,0,9,0,0,0,0,0
hsa-miR-2116-5p,0,8,0,7,0,1,0,0,7,1,0,0,0,2,2,0,9,0,7,17,16,5,0,0,0,0,0,0,0,0,0,0,0,0,0,0,0,0,0
hsa-miR-212-5p,12,0,3,0,0,2,0,0,0,0,0,0,0,7,0,0,2,0,8,0,0,3,0,0,0,0,0,0,0,0,0,0,0,0,0,0,0,0,0
hsa-miR-214-5p,14,0,0,5,18,0,0,0,0,0,0,6,5,0,12,0,0,0,16,0,0,2,0,0,0,0,0,0,0,0,0,0,0,0,0,0,0,0,0
hsa-miR-215-5p,79,23,10,150,26,11,0,3,67,32,12,34,34,23,37,0,183,5,258,29,80,147,72,14,0,2,0,4,0,0,1,13,0,0,2,0,0,0,0
hsa-miR-216a-5p,0,0,0,0,0,0,0,0,0,0,0,0,0,0,0,0,0,0,2,0,0,0,0,0,0,0,0,0,0,0,0,0,0,0,0,0,0,0,0
hsa-miR-216b-5p,0,0,0,0,0,0,0,0,0,0,0,0,0,0,0,0,0,0,0,0,0,0,2,0,0,0,0,0,0,0,0,0,0,0,0,0,0,0,0
hsa-miR-218-5p,0,0,0,0,0,0,0,0,0,2,0,0,0,0,0,0,0,0,13,0,0,0,0,0,0,0,11,0,0,0,0,0,0,0,0,0,0,0,0
hsa-miR-219a-5p,0,4,12,0,0,6,0,0,0,0,0,0,5,0,0,0,6,7,9,2,0,0,4,4,0,0,0,0,0,0,0,0,0,0,0,0,0,0,0
hsa-miR-219b-5p,0,0,0,0,0,0,0,0,0,0,0,0,0,0,0,0,2,0,8,0,0,0,3,0,0,0,0,0,0,0,0,0,0,0,0,0,0,0,0
hsa-miR-22-5p,115329,84837,47344,75983,40946,25421,1093,1154,96930,33760,11160,24370,45133,6535,75881,8800,74650,50000,169388,66553,135379,89827,98536,42069,1200,1506,2383,2009,659,396,241,1505,260,1885,1207,732,810,911,38
hsa-miR-221-5p,2853,1501,1687,2691,1798,3576,134,105,6664,2907,104,827,1179,227,2501,496,2205,1841,5494,248,2281,1717,4063,653,58,139,106,102,30,8,2,93,35,301,19,41,17,85,1
hsa-miR-222-5p,306,2241,3940,448,1058,324,19,24,912,563,11,99,163,0,64,16,561,108,774,53,218,304,489,284,25,19,16,31,6,0,1,16,7,0,15,10,6,2,0
hsa-miR-223-3p,662,579,661,478,315,606,9,0,559,242,0,40,156,0,0,55,502,0,1270,40,155,297,148,259,4,6,11,0,0,0,0,30,4,0,2,2,14,28,1
hsa-miR-223-5p,0,0,0,0,0,0,0,0,0,0,0,0,0,0,0,0,0,0,0,0,0,0,261,0,0,0,0,9,0,0,0,0,0,0,0,0,0,0,0
hsa-miR-224-5p,14,21,49,0,30,48,0,0,178,17,6,6,17,3,0,4,158,0,98,0,9,109,65,42,0,10,0,1,0,0,0,0,0,0,2,3,0,1,0
hsa-miR-2276-5p,0,7,0,0,1,1,0,0,0,6,0,0,0,0,0,4,0,0,0,2,4,0,2,0,0,0,0,1,0,0,0,0,0,0,0,0,0,0,0
hsa-miR-2277-5p,0,3,2,0,1,10,0,0,0,2,0,0,0,0,5,0,1,3,3,0,0,8,3,0,0,0,0,0,0,0,0,0,0,0,0,0,0,0,0
hsa-miR-2355-5p,8,10,6,6,0,0,0,0,33,0,0,0,0,1,0,3,17,2,29,4,5,0,0,2,0,0,0,0,0,0,0,0,0,0,0,0,0,0,0
hsa-miR-23a-5p,1157,420,570,960,287,294,22,5,701,213,21,164,328,42,531,71,627,266,1455,59,580,407,556,101,21,22,21,0,13,1,0,15,1,53,21,10,2,45,0
hsa-miR-23b-5p,564,188,0,624,119,86,18,0,168,78,0,100,198,40,413,28,287,107,653,41,340,148,303,39,7,5,12,11,4,1,0,8,1,15,10,0,1,25,0
hsa-miR-24-1-5p,600,125,54,86,69,22,0,0,184,60,0,24,3,4,17,1,155,29,247,46,134,138,191,13,0,6,6,16,0,0,0,1,1,4,7,0,0,0,1
hsa-miR-24-2-5p,606,132,104,95,84,26,0,0,190,60,0,24,5,4,17,1,164,29,272,46,137,144,197,13,0,8,6,16,0,0,0,1,1,4,7,0,0,0,1
hsa-miR-24-3p,600,125,54,86,69,22,0,0,184,60,0,24,3,4,17,1,155,29,247,46,134,138,191,13,0,0,6,16,0,0,0,1,1,4,7,0,0,0,1
hsa-miR-2467-5p,0,0,6,3,7,1,0,0,2,0,0,0,0,0,0,0,0,0,14,0,0,7,5,0,0,0,0,0,0,0,0,0,0,0,0,0,0,0,0
hsa-miR-25-5p,3736,1563,2039,1887,6774,8013,189,120,8534,5394,1088,8481,28423,2792,5262,7782,8418,3962,40680,2862,40115,11934,27104,10921,157,628,430,485,150,141,43,497,70,164,85,110,145,345,3
hsa-miR-26a-5p,3075,28410,30057,4772,6637,1573,74,62,6016,2116,30,305,571,145,283,74,4141,384,7228,199,1164,2430,2770,706,43,160,99,85,23,14,1,29,14,36,51,14,35,81,0
hsa-miR-26b-3p,0,0,0,0,0,0,0,0,0,0,0,0,0,0,0,0,0,0,0,0,0,0,0,0,0,0,0,0,0,0,0,0,4,5,0,0,4,0,0
hsa-miR-26b-5p,379,1095,1296,498,827,395,9,2,731,427,0,62,179,35,0,14,537,57,1065,32,187,300,280,125,14,17,2,23,2,0,5,6,6,0,2,8,4,0,0
hsa-miR-27a-5p,3885,1574,2230,2238,1498,2082,87,62,5272,1136,38,336,1477,121,444,99,3564,765,12162,123,2266,1676,2004,549,43,84,118,56,62,22,4,61,18,63,53,42,12,84,0
hsa-miR-27b-5p,14278,7701,7515,10705,6579,7703,291,360,29578,11133,117,1423,3350,895,1538,515,13184,1708,29963,2201,17612,10750,11133,1871,215,281,395,450,97,48,35,235,47,491,203,78,79,112,7
hsa-miR-28-5p,6981,5675,5868,2285,11328,11789,462,139,8832,4304,334,907,3855,862,1092,692,5559,1132,8229,1340,2912,4657,4041,4544,132,306,98,202,20,28,9,239,30,82,42,62,0,131,2
hsa-miR-296-5p,0,0,10,0,3,0,6,0,5,0,0,2,27,0,1,0,5,0,6,3,10,3,0,2,0,6,8,0,0,0,0,1,0,0,0,0,0,0,0
hsa-miR-299-5p,0,0,4,0,7,2,0,0,5,1,0,0,0,0,0,0,1,0,1,0,0,6,0,7,0,0,0,0,0,0,0,0,0,0,0,0,0,0,0
hsa-miR-29a-5p,2648,117,237,504,380,371,40,19,536,168,10,70,437,18,122,41,870,68,6783,20,795,454,773,196,15,61,36,7,13,12,7,36,0,0,6,9,1,27,0
hsa-miR-29b-1-5p,21,4,0,4,12,2,13,0,0,0,0,2,0,0,0,0,8,0,82,5,16,7,2,0,0,0,0,0,0,0,0,3,0,0,0,0,0,0,0
hsa-miR-29b-2-5p,32,6,0,4,12,4,6,0,9,0,0,5,2,0,15,0,8,2,84,0,29,9,17,0,0,9,0,0,0,0,0,3,0,0,0,0,0,0,0
hsa-miR-29c-5p,624,21,26,93,63,73,4,11,105,54,0,13,64,14,5,18,156,19,1179,0,228,109,175,60,0,10,6,0,4,0,0,3,0,0,3,0,0,0,0
hsa-miR-301a-5p,21,186,299,14,140,43,0,0,86,56,0,0,8,0,0,0,39,0,15,0,8,17,19,6,4,0,0,0,4,4,0,0,1,0,0,0,0,0,0
hsa-miR-301b-5p,0,25,26,0,15,9,0,0,34,15,0,0,12,0,0,0,10,0,15,0,0,5,0,0,0,0,0,0,0,0,0,0,0,0,0,0,0,0,0
hsa-miR-3064-5p,0,0,0,0,2,4,0,0,9,0,0,0,0,0,0,0,5,0,0,0,0,0,0,6,0,0,0,0,0,0,0,0,0,0,0,0,0,0,0
hsa-miR-3065-5p,0,9,0,7,1,7,0,0,6,6,0,0,0,0,4,0,0,0,0,0,0,4,0,0,0,0,0,0,0,0,0,0,0,0,0,0,0,0,0
hsa-miR-3074-5p,0,6,14,0,5,2,0,0,0,2,0,0,0,0,3,0,4,2,6,0,2,6,10,0,0,0,0,0,0,0,0,0,0,0,0,0,0,0,0
hsa-miR-30a-5p,8493,1369,1621,6581,2901,362,54,28,1694,511,151,848,1234,472,788,181,10985,2228,6132,889,5692,5348,6852,871,60,24,249,85,32,24,4,68,3,60,61,22,54,15,3
hsa-miR-30b-5p,40,211,294,25,101,35,0,1,32,21,8,8,51,0,0,0,53,9,119,7,52,53,48,43,0,0,0,0,0,0,0,0,0,0,0,0,0,0,0
hsa-miR-30c-5p,102,1469,1686,325,599,91,0,0,162,93,31,42,133,3,9,16,128,19,227,37,135,177,164,89,0,8,0,8,6,0,0,8,4,0,3,1,1,0,0
hsa-miR-30d-5p,12685,8616,10643,8812,16293,19349,162,110,19245,5406,474,2577,14482,1305,1965,3593,13287,903,25312,4563,26237,15886,20360,11371,258,365,425,406,111,107,29,600,32,110,187,114,42,252,6
hsa-miR-30e-5p,6458,5756,6092,2092,6307,4287,94,73,10252,3744,114,602,2708,167,302,759,5231,367,21131,623,4974,5478,5908,2006,98,211,115,158,77,72,10,120,19,14,79,84,53,124,1
hsa-miR-31-5p,11,0,0,19,0,5,0,0,0,0,0,3,9,0,1,0,5,0,6,0,0,0,0,0,0,0,0,0,0,0,0,0,0,0,0,0,0,0,0
hsa-miR-3120-5p,10,10,4,0,15,9,0,0,43,13,0,0,3,0,0,0,15,0,4,0,0,8,3,0,0,0,0,2,0,0,0,0,0,0,0,0,0,0,0
hsa-miR-3121-5p,0,0,0,0,0,2,0,0,0,1,0,0,0,0,0,0,0,0,2,0,0,0,0,0,0,0,0,0,0,0,0,0,0,0,0,0,0,0,0
hsa-miR-3122,0,8,0,0,0,0,0,0,0,0,0,0,0,3,0,0,0,0,0,0,2,0,0,0,0,0,0,0,0,0,0,0,0,0,0,0,0,0,0
hsa-miR-3124-5p,0,0,0,0,0,0,0,0,0,0,0,0,0,0,0,0,0,0,0,0,0,5,0,0,0,0,0,0,0,0,0,0,0,0,0,0,0,0,0
hsa-miR-3127-5p,20,5,0,29,15,16,6,0,24,10,0,0,13,0,12,5,17,7,10,6,0,11,13,0,0,0,0,1,0,0,0,3,0,5,0,0,0,1,0
hsa-miR-3128,0,0,0,0,1,0,0,0,2,0,0,0,0,0,0,0,0,0,0,0,0,0,0,0,0,0,0,0,0,0,0,0,0,0,0,0,0,0,0
hsa-miR-3130-5p,0,0,0,0,0,1,0,0,0,0,0,0,33,6,0,0,0,0,0,0,26,0,2,0,0,0,0,0,0,0,0,0,0,0,0,0,0,0,0
hsa-miR-3136-5p,0,0,0,1,0,1,0,0,0,7,0,0,0,0,0,0,2,0,3,0,2,0,5,0,0,0,0,0,0,0,0,0,0,0,0,0,0,0,0
hsa-miR-3138,3,0,0,9,9,8,0,7,0,5,0,2,10,0,2,3,21,0,14,0,0,2,12,3,0,0,0,8,0,0,0,0,0,0,0,0,5,0,0
hsa-miR-3140-5p,0,0,0,0,0,0,0,0,2,0,0,0,0,0,0,0,0,0,0,0,0,0,0,0,0,0,0,0,0,0,0,0,0,0,0,0,0,0,0
hsa-miR-3143,0,0,3,0,0,1,0,0,5,1,0,0,12,0,0,0,1,0,26,0,22,11,8,1,0,0,0,0,0,0,0,0,0,0,0,0,0,0,0
hsa-miR-3144-5p,0,0,0,0,0,0,0,0,0,0,0,0,0,0,0,0,0,0,0,0,2,0,0,0,0,0,0,0,0,0,0,0,0,0,0,0,0,0,0
hsa-miR-3145-5p,0,0,3,0,0,0,0,0,0,0,0,0,0,0,0,0,0,0,0,0,0,0,0,0,0,0,0,0,0,0,0,0,0,0,0,0,0,0,0
hsa-miR-3146,0,0,0,0,2,0,0,0,0,0,0,0,0,0,0,0,0,0,0,0,0,0,0,0,0,0,0,0,0,0,0,0,0,0,0,0,0,0,0
hsa-miR-3150a-5p,0,6,4,0,0,1,0,0,0,0,0,0,0,0,0,0,1,0,3,0,0,0,0,0,0,6,0,0,0,0,0,0,0,0,0,0,0,0,0
hsa-miR-3150b-5p,7,0,0,0,2,8,0,0,8,0,0,0,0,0,8,0,0,0,9,0,0,0,10,5,0,0,0,1,0,0,0,0,0,0,0,0,0,1,0
hsa-miR-3151-5p,0,0,0,0,0,0,0,0,0,0,0,0,0,0,0,0,0,0,0,0,0,0,0,0,0,0,0,0,0,3,0,0,0,0,0,0,0,0,0
hsa-miR-3155b,0,3,3,0,0,1,0,0,0,0,0,2,0,0,0,0,2,0,0,0,5,2,0,1,0,0,0,0,0,0,0,0,0,0,0,0,0,0,0
hsa-miR-3157-5p,0,0,0,0,0,0,0,0,2,2,0,2,16,0,8,3,6,0,0,0,0,18,2,0,0,0,0,0,0,0,0,0,0,0,0,0,0,0,0
hsa-miR-3158-5p,0,4,0,11,0,7,0,0,13,9,22,32,141,8,37,31,17,5,15,35,152,40,27,30,0,7,6,5,0,4,0,5,0,0,1,0,0,0,0
hsa-miR-3159,0,0,0,0,7,0,0,0,2,0,0,0,0,0,0,0,0,0,0,0,0,0,0,0,0,0,0,0,0,0,0,0,0,0,0,0,0,0,0
hsa-miR-3160-5p,3,0,0,0,0,0,0,0,0,0,0,0,0,0,0,0,0,0,3,0,0,0,0,0,0,0,0,0,0,0,0,0,0,0,0,0,0,0,0
hsa-miR-3161,0,10,0,0,0,17,0,0,35,0,0,2,5,0,0,0,0,0,1,0,0,0,0,0,0,0,0,0,0,0,0,0,0,0,4,0,0,0,0
hsa-miR-3163,0,5,0,0,4,0,0,0,0,0,0,0,0,0,0,0,1,0,4,0,0,6,0,0,0,0,0,0,0,0,0,0,0,0,0,0,0,0,0
hsa-miR-3173-5p,0,10,6,0,6,0,0,0,11,0,0,7,0,0,16,12,6,2,2,0,5,0,2,0,7,0,7,7,0,0,0,2,0,0,0,0,0,3,0
hsa-miR-3174,0,6,0,7,0,0,0,0,11,2,0,0,2,0,0,0,7,0,0,0,0,2,0,0,0,0,0,0,0,0,0,0,0,0,0,0,0,0,0
hsa-miR-3175,0,0,0,0,0,0,0,0,3,0,0,0,0,6,0,0,0,0,0,0,0,4,0,0,0,0,0,0,0,0,0,0,0,0,0,0,0,0,0
hsa-miR-3176,55,19,11,13,16,7,0,0,3,1,0,2,12,4,9,3,24,0,44,1,31,16,16,3,0,7,0,0,0,0,0,0,0,0,0,0,0,0,0
hsa-miR-3177-5p,0,11,0,0,4,17,0,0,18,3,0,0,6,5,5,0,8,0,9,0,6,7,0,2,0,4,0,3,0,0,0,2,0,0,2,0,0,0,0
hsa-miR-3180,0,0,0,0,0,0,0,0,0,0,0,3,0,0,0,0,0,0,0,0,6,0,0,0,0,9,0,0,0,0,0,0,0,0,0,0,0,0,0
hsa-miR-3180-5p,0,0,2,0,2,0,0,0,0,0,0,3,0,0,0,0,0,0,0,0,6,0,0,0,0,9,0,0,0,0,0,0,0,0,0,0,0,0,0
hsa-miR-3181,0,0,0,0,0,0,0,0,0,0,0,0,0,0,0,0,0,3,0,0,0,0,0,0,0,0,0,0,0,0,0,0,0,0,0,0,0,0,0
hsa-miR-3183,0,0,0,0,3,1,0,0,0,2,0,0,0,0,0,0,3,0,0,0,0,0,17,0,0,0,0,0,0,0,0,0,0,0,0,0,0,0,0
hsa-miR-3186-5p,0,0,0,0,0,0,0,0,0,0,0,0,0,0,0,0,0,0,0,0,0,0,2,0,0,0,0,4,0,0,0,0,0,0,0,0,0,0,0
hsa-miR-3187-5p,0,0,0,0,6,1,0,0,0,0,6,0,0,0,0,0,0,0,3,0,3,0,12,0,0,0,0,0,0,0,0,0,0,0,0,0,0,0,0
hsa-miR-3188,0,0,0,0,2,0,0,0,0,0,0,0,0,0,0,0,0,0,0,0,2,4,0,0,0,0,0,0,0,0,0,0,0,0,0,0,0,0,0
hsa-miR-3190-3p,0,0,0,4,0,0,0,0,0,0,0,0,0,0,0,0,0,0,10,0,0,0,0,0,0,0,0,0,0,0,0,0,0,0,0,0,0,0,0
hsa-miR-3190-5p,0,0,0,4,0,4,0,0,0,0,0,0,6,0,2,0,0,0,10,0,0,0,0,0,0,0,0,0,0,0,0,0,0,0,0,0,0,0,0
hsa-miR-3191-5p,0,5,3,0,2,0,0,0,3,0,0,0,0,0,0,0,0,0,0,0,0,0,0,8,0,0,0,0,0,0,0,0,0,0,0,0,0,0,0
hsa-miR-3192-5p,0,0,0,0,0,0,0,0,0,0,0,0,0,0,0,0,0,0,0,0,0,0,0,3,0,0,0,0,0,0,0,0,0,0,0,0,0,0,0
hsa-miR-3193,0,0,0,0,0,0,0,0,0,0,0,0,0,0,1,0,0,0,0,0,0,0,0,0,0,0,0,0,0,0,0,0,0,0,0,0,0,0,0
hsa-miR-3194-5p,0,0,3,0,0,0,0,0,0,0,0,0,3,0,0,0,2,8,8,0,6,0,0,0,0,0,0,0,0,0,0,0,0,0,0,0,0,0,0
hsa-miR-3197,0,0,0,0,0,1,0,0,0,0,0,0,0,0,0,0,0,0,0,0,0,0,0,0,0,0,0,0,0,0,0,0,0,0,0,0,0,0,0
hsa-miR-3198,0,0,0,0,0,0,0,0,0,0,0,0,0,0,0,0,2,0,0,0,0,0,0,0,0,0,0,0,0,0,0,0,0,0,0,0,0,0,0
hsa-miR-3199,0,0,0,0,0,0,0,0,0,0,0,2,0,0,4,0,0,0,0,0,0,0,0,0,0,0,0,0,0,0,0,0,0,0,0,0,0,0,0
hsa-miR-32-5p,160,31,63,106,34,38,4,0,119,14,0,10,0,25,13,21,46,5,243,3,116,10,113,20,0,13,0,7,0,0,1,1,0,0,0,0,5,15,0
hsa-miR-3200-5p,0,0,0,0,0,0,0,0,0,0,0,4,12,0,0,5,1,0,0,0,5,0,9,4,0,0,0,0,0,0,0,0,0,0,0,0,0,0,0
hsa-miR-3202,7,0,0,0,0,0,0,0,0,0,0,0,0,0,0,0,0,0,3,0,11,4,0,0,0,0,0,0,0,0,0,0,0,0,0,0,0,0,0
hsa-miR-320a,13098,3178,3535,15985,4923,5055,2208,1317,15290,5261,2384,6695,11399,3988,11437,2487,4833,8939,9874,7235,12682,7847,18692,3993,876,1732,1988,1975,322,216,75,1643,417,8759,258,261,141,650,43
hsa-miR-320b,7050,1040,1397,11260,1985,1425,1219,538,2988,1021,1493,3804,4080,2330,6995,813,2835,2986,4629,4386,6570,4943,13272,1293,381,844,502,785,81,127,51,684,118,2886,173,97,93,169,0
hsa-miR-320c,318,87,72,741,53,47,27,8,165,40,31,53,66,13,130,26,154,45,182,112,302,150,308,39,24,57,28,63,0,9,0,31,8,70,10,3,5,26,0
hsa-miR-320d,135,50,30,208,14,26,0,0,28,6,0,0,10,2,49,0,51,17,119,50,106,68,161,13,0,0,0,0,0,0,0,0,0,0,0,0,0,0,0
hsa-miR-320e,3,0,1,5,0,3,0,0,0,0,0,0,0,0,3,0,0,0,0,0,0,0,8,0,0,0,0,0,0,0,0,1,0,0,0,0,0,0,0
hsa-miR-323a-5p,3,4,5,17,52,59,0,0,70,19,0,18,0,0,0,2,24,0,3,0,0,0,13,9,1,0,0,0,0,4,0,0,0,0,0,0,0,0,0
hsa-miR-323b-5p,15,86,89,72,191,147,0,0,86,120,0,2,12,0,0,8,57,0,7,8,17,14,6,44,0,0,0,5,0,0,0,2,0,0,0,0,0,0,0
hsa-miR-324-3p,0,0,0,0,0,0,0,0,0,0,0,0,0,0,0,0,0,0,0,0,0,0,0,0,0,0,0,0,0,0,1,0,0,0,0,0,0,0,0
hsa-miR-324-5p,60,21,18,53,65,51,6,7,51,20,41,188,163,59,190,89,51,62,226,92,244,98,210,109,4,9,14,12,0,0,1,15,0,0,0,0,0,3,0
hsa-miR-326,29,29,41,8,34,46,0,0,71,39,0,14,34,0,5,7,43,8,33,13,26,27,34,20,5,5,0,2,0,0,0,0,0,0,0,0,0,5,0
hsa-miR-328-5p,68,276,151,113,178,398,19,33,839,225,0,53,215,79,54,164,157,25,111,68,90,131,81,159,40,38,24,75,0,15,2,134,0,6,11,19,0,23,0
hsa-miR-329-5p,0,2,0,0,0,3,0,0,6,2,0,0,0,0,1,0,5,0,7,0,0,6,0,0,0,0,0,0,0,0,0,0,0,0,0,0,0,0,0
hsa-miR-330-5p,12,56,50,43,34,44,0,0,53,10,0,6,27,0,2,6,26,0,40,8,0,24,27,20,0,0,0,4,0,0,0,6,0,0,0,0,0,0,0
hsa-miR-331-5p,37,10,11,93,18,45,0,0,24,6,14,21,31,2,3,3,14,0,65,11,79,25,33,23,0,2,0,0,0,0,0,2,0,0,0,0,0,0,0
hsa-miR-335-5p,382,540,469,520,206,268,0,13,647,150,0,1,57,5,36,5,213,13,245,3,38,90,123,9,0,4,8,2,0,0,0,0,0,0,1,6,0,0,0
hsa-miR-337-5p,0,0,7,0,7,6,0,0,2,4,0,0,0,0,0,0,11,0,0,0,0,1,0,0,0,0,0,0,0,0,0,0,0,0,0,0,0,0,0
hsa-miR-338-5p,108,64,0,39,47,0,0,0,73,9,0,0,31,3,40,0,71,0,0,0,13,44,0,0,0,0,0,0,0,0,0,0,0,0,0,0,0,0,0
hsa-miR-339-5p,450,216,164,0,344,183,0,8,216,0,0,0,0,14,0,0,304,58,566,99,0,338,0,0,4,15,18,20,0,2,0,18,4,0,2,0,0,5,0
hsa-miR-33a-5p,0,3,0,0,0,6,0,0,7,7,0,1,0,0,0,0,4,0,27,0,9,0,0,0,0,0,0,0,0,0,0,0,0,0,0,0,0,0,0
hsa-miR-33b-5p,9,22,0,0,0,8,0,0,22,4,4,18,9,0,18,0,14,4,97,16,57,33,25,0,0,0,0,3,6,0,0,0,0,0,0,0,3,1,0
hsa-miR-340-5p,284,279,498,194,431,542,8,11,622,444,5,5,89,6,14,22,431,119,761,6,84,112,208,62,2,0,13,6,1,0,1,0,0,0,10,7,3,2,1
hsa-miR-342-5p,0,264,617,0,1870,0,0,16,0,64,0,0,877,0,0,0,0,0,0,0,0,0,0,0,19,155,22,88,0,6,0,0,0,16,7,0,1,0,0
hsa-miR-345-5p,638,141,87,117,241,205,13,1,280,70,32,214,457,21,334,160,302,77,1031,173,1119,655,957,180,12,43,40,13,5,3,4,30,0,4,4,2,5,17,0
hsa-miR-34a-5p,16,0,0,37,3,0,0,0,18,5,0,2,7,0,13,1,9,11,13,0,9,6,20,0,0,0,0,0,0,0,0,0,0,0,0,0,0,0,0
hsa-miR-34b-5p,0,0,0,0,0,0,0,0,0,0,0,0,0,0,0,0,0,0,0,0,0,7,0,0,0,0,0,0,0,0,0,0,0,0,0,0,0,0,0
hsa-miR-34c-5p,0,0,3,0,0,1,0,0,0,0,0,0,4,0,0,0,0,0,0,0,8,0,4,0,0,0,0,0,0,0,0,0,0,0,0,0,0,0,0
hsa-miR-3591-5p,0,0,0,9,0,0,0,0,0,0,0,0,0,0,0,0,0,0,2,0,0,0,0,0,0,0,0,0,0,0,0,0,0,0,0,0,0,0,0
hsa-miR-3605-5p,0,29,0,194,0,0,9,4,0,0,13,55,0,29,63,70,0,19,56,0,0,0,0,43,0,6,0,10,0,3,0,6,4,0,0,0,0,3,0
hsa-miR-361-5p,0,166,231,0,0,0,9,0,240,89,45,0,0,0,196,104,0,0,0,0,0,0,0,283,16,0,4,28,0,3,0,0,0,19,0,4,3,0,0
hsa-miR-3613-5p,6,0,0,0,1,3,0,0,2,0,0,0,25,0,0,0,0,0,0,0,0,0,0,0,0,0,0,0,0,0,0,0,0,0,0,0,0,0,0
hsa-miR-3614-5p,76,12,12,37,15,15,15,0,0,3,3,15,0,6,98,11,12,95,0,0,46,24,34,0,0,0,0,0,0,5,0,0,0,0,0,0,0,0,0
hsa-miR-3615,335,148,113,318,605,446,99,85,612,236,230,858,1522,437,677,1295,565,353,1181,711,1946,805,921,1079,154,178,252,292,14,63,3,329,11,91,3,0,6,43,0
hsa-miR-3617-5p,0,0,0,0,0,1,0,0,0,0,0,0,0,0,0,0,0,0,0,0,0,0,0,0,0,0,0,0,0,0,0,0,0,0,0,0,0,0,0
hsa-miR-362-5p,31,0,7,0,0,0,0,0,4,2,0,1,0,0,0,0,1,0,28,0,4,6,0,6,0,0,0,0,0,0,0,0,0,0,0,0,0,0,0
hsa-miR-3620-5p,0,7,0,0,0,0,0,0,0,0,0,0,0,0,0,3,5,0,0,0,0,0,0,1,0,0,0,0,0,0,0,0,0,0,0,0,0,0,0
hsa-miR-3622a-5p,0,0,0,0,0,0,0,0,0,0,0,0,0,0,0,0,0,0,0,5,0,0,0,0,0,0,0,0,0,0,0,0,0,0,0,0,0,0,0
hsa-miR-3622b-5p,0,0,0,0,0,0,0,0,0,0,0,0,1,0,0,0,0,0,0,0,0,0,0,0,0,0,0,0,0,0,0,0,0,0,0,0,0,0,0
hsa-miR-363-5p,997,143,105,369,195,162,10,16,599,224,76,604,856,111,570,199,886,91,3916,357,3733,968,2780,431,26,90,51,44,17,19,0,22,0,20,11,12,11,31,0
hsa-miR-3648,8,0,0,0,0,0,0,0,0,0,0,0,0,0,0,0,0,0,0,0,0,0,0,0,0,0,0,0,4,0,0,0,0,0,0,0,0,0,0
hsa-miR-3652,0,0,0,0,0,0,0,0,0,0,0,0,0,0,0,0,0,0,2,0,6,0,0,0,0,0,0,0,0,0,0,0,0,0,0,0,0,0,0
hsa-miR-3653-5p,0,0,0,0,0,0,0,0,0,0,0,0,0,0,0,0,0,0,0,0,0,0,0,0,0,0,0,0,0,0,0,2,0,0,0,0,0,0,0
hsa-miR-3659,0,0,0,0,0,0,0,0,0,0,0,0,0,2,0,0,0,0,0,0,0,2,0,0,0,0,0,0,0,0,0,0,0,0,0,0,0,0,0
hsa-miR-365a-5p,15,0,0,0,0,2,0,0,0,4,0,0,3,0,0,0,6,0,9,3,20,3,7,0,0,0,0,0,0,0,0,0,0,0,0,0,0,0,0
hsa-miR-365b-5p,15,0,0,0,0,2,0,0,0,4,0,0,5,0,0,0,6,0,6,3,20,5,0,0,0,0,0,0,0,0,0,0,0,0,0,0,0,0,0
hsa-miR-3661,0,0,0,0,0,2,0,0,2,4,0,0,3,0,0,0,3,0,3,6,3,0,0,0,0,0,0,0,0,0,0,0,0,0,0,0,0,0,0
hsa-miR-3667-5p,0,0,0,4,0,0,0,0,0,0,0,0,0,0,0,0,0,0,0,0,0,0,0,0,0,0,0,0,0,0,0,0,0,0,0,0,0,0,0
hsa-miR-3675-3p,0,8,0,0,0,4,0,0,0,0,0,0,0,0,0,0,0,0,0,0,0,0,0,0,0,0,0,0,0,0,0,0,0,0,0,0,0,0,0
hsa-miR-3675-5p,0,0,0,0,1,0,0,0,0,0,0,0,0,0,0,0,0,0,0,0,0,0,0,0,0,0,0,0,0,0,0,0,0,0,0,0,0,0,0
hsa-miR-3677-5p,0,0,6,0,0,0,0,0,8,2,0,0,0,0,0,0,0,7,1,0,0,0,0,0,0,0,0,0,0,0,0,0,0,0,0,0,0,0,0
hsa-miR-3678-5p,4,3,0,0,0,2,0,0,0,0,0,6,0,0,0,0,0,0,0,0,0,0,0,0,0,0,0,0,0,0,0,0,0,0,0,0,0,0,0
hsa-miR-3680-3p,0,0,0,0,0,0,0,0,3,0,0,0,0,0,0,0,0,0,0,0,0,0,0,0,0,0,0,0,0,0,0,0,0,0,0,0,0,0,0
hsa-miR-3680-5p,0,0,0,0,0,0,0,0,3,0,0,0,0,0,0,0,0,0,0,0,0,0,0,0,0,0,0,0,0,0,0,0,0,0,0,0,0,0,0
hsa-miR-3684,0,0,0,0,0,2,0,0,0,0,0,0,0,0,0,0,0,0,4,0,0,0,0,0,0,0,0,0,0,0,0,0,0,0,0,0,0,0,0
hsa-miR-3687,0,0,0,0,0,0,0,0,0,0,0,2,0,0,0,0,0,6,0,0,0,0,0,0,0,0,0,5,0,0,0,0,0,0,0,0,0,0,0
hsa-miR-3688-5p,10,0,0,0,2,1,0,0,3,4,0,2,8,0,0,3,3,9,26,0,8,11,25,1,0,4,0,0,0,0,0,0,0,0,0,0,0,5,0
hsa-miR-369-5p,20,21,46,42,40,82,0,0,115,45,0,0,1,0,0,2,106,0,49,0,11,24,12,4,0,0,0,2,0,0,0,1,0,0,0,0,0,0,0
hsa-miR-3690,0,4,0,0,2,1,0,0,0,0,0,0,0,0,0,0,0,0,22,0,0,0,4,0,0,0,0,0,0,0,0,0,0,0,0,0,0,0,0
hsa-miR-3691-5p,0,1,0,0,0,1,0,0,0,0,0,0,6,0,0,0,0,6,5,0,0,0,2,5,0,0,0,5,0,0,0,0,0,0,0,0,0,0,0
hsa-miR-370-3p,0,0,0,0,0,0,0,0,0,4,0,0,0,0,0,0,0,0,0,0,0,0,0,0,0,0,0,0,0,0,0,0,0,0,0,0,0,0,0
hsa-miR-370-5p,19,29,33,0,31,2,0,0,9,4,0,3,0,0,2,0,35,0,6,0,4,12,0,0,0,0,0,0,0,0,0,0,0,0,0,0,0,0,0
hsa-miR-371a-5p,0,0,0,0,0,0,0,0,0,0,0,0,0,0,0,0,1,0,0,0,0,0,0,0,0,0,0,0,0,0,0,0,0,0,0,0,0,0,0
hsa-miR-371b-5p,80,0,16,15,9,35,0,0,0,0,0,5,28,0,0,2,11,0,63,10,11,8,4,7,4,1,0,0,0,0,0,0,0,0,0,0,0,0,0
hsa-miR-373-5p,0,0,0,0,13,0,0,0,18,3,0,0,0,0,0,0,0,0,0,0,0,2,10,0,0,0,0,0,0,0,0,0,0,0,0,0,0,0,0
hsa-miR-374a-5p,7,70,109,32,23,4,0,0,11,0,0,3,3,0,0,0,0,0,26,0,4,6,4,16,0,0,0,0,0,0,0,0,0,0,0,0,0,0,0
hsa-miR-374b-5p,23,28,25,0,19,6,0,0,34,4,0,0,0,0,0,0,3,0,34,0,9,5,6,0,0,0,0,4,0,0,0,2,0,0,0,0,0,0,0
hsa-miR-375,194,34,24,342,80,143,0,19,2115,474,47,236,1055,346,153,58,449,104,506,1084,2639,1038,528,244,27,38,74,111,0,6,5,211,3,11,1,4,5,2,0
hsa-miR-376a-5p,0,0,0,0,3,0,0,0,0,0,0,0,0,0,0,0,2,0,2,0,0,0,0,4,0,0,0,0,0,0,0,0,0,0,0,0,0,0,0
hsa-miR-376b-5p,0,0,0,0,2,1,0,0,0,0,0,0,0,0,0,0,1,0,0,0,0,0,0,0,0,0,0,0,0,0,0,0,0,0,0,0,0,0,0
hsa-miR-376c-5p,0,0,9,0,0,11,0,0,0,1,0,0,0,0,0,0,1,0,0,0,0,3,0,4,0,0,0,0,0,0,0,0,0,0,0,0,0,0,0
hsa-miR-377-5p,0,0,4,0,12,15,0,0,27,3,0,0,0,0,0,0,20,0,0,0,0,3,0,0,0,0,0,0,0,0,0,0,0,0,0,0,0,0,0
hsa-miR-378a-5p,1895,291,756,1518,1552,779,176,32,755,408,239,973,2011,742,2424,316,1641,7521,9249,1626,3514,3529,3110,1416,23,56,99,158,47,40,0,156,0,156,24,14,17,59,0
hsa-miR-378c,0,0,0,0,0,0,0,0,0,32,0,0,0,0,457,0,0,487,0,0,0,0,252,0,0,0,0,0,0,0,0,0,0,0,0,0,0,0,0
hsa-miR-378e,0,0,0,0,0,0,0,0,0,1,0,0,0,0,0,0,0,0,0,0,0,0,0,0,0,0,0,0,0,0,0,0,0,0,0,0,0,0,0
hsa-miR-378i,0,0,0,26,0,0,0,0,0,0,0,0,0,0,22,0,0,0,196,0,0,0,0,0,0,0,0,0,0,0,0,0,0,0,0,0,0,0,0
hsa-miR-379-5p,0,0,5,0,0,3,0,0,6,0,0,0,0,0,0,0,1,0,0,0,0,7,0,0,0,0,0,0,0,0,0,0,0,0,0,0,0,0,0
hsa-miR-380-5p,7,0,0,6,4,0,0,0,0,3,0,0,0,0,0,0,0,0,0,0,0,0,0,0,0,0,0,0,0,0,0,0,0,0,0,0,0,0,0
hsa-miR-381-5p,134,81,169,100,286,183,8,14,248,202,0,0,13,13,0,4,341,0,104,0,51,60,33,45,5,0,0,0,0,0,0,3,0,0,2,0,0,0,0
hsa-miR-382-5p,0,0,0,6,3,7,0,0,24,0,0,4,0,0,0,0,5,0,0,0,0,0,0,0,0,0,0,0,0,0,0,0,0,0,0,0,0,0,0
hsa-miR-383-5p,0,0,0,0,0,0,0,0,0,0,0,0,0,0,3,0,0,0,0,0,0,0,0,0,0,0,0,0,0,0,0,0,0,0,0,0,0,0,0
hsa-miR-3909,7,0,0,4,0,4,0,0,0,2,0,2,6,0,0,0,9,0,9,0,4,15,0,13,0,0,0,2,0,0,0,0,0,0,0,0,0,0,0
hsa-miR-3911,0,0,0,0,0,0,0,0,0,0,0,0,0,4,0,0,0,0,0,0,0,0,0,0,0,0,0,0,0,0,0,0,0,0,0,0,0,0,0
hsa-miR-3912-5p,0,0,6,0,2,1,0,0,0,4,0,0,0,0,0,0,3,0,3,0,6,0,3,0,0,0,0,0,0,0,0,0,0,0,0,0,0,0,0
hsa-miR-3913-5p,9,0,4,0,12,4,0,0,0,4,0,0,0,0,7,4,7,0,0,0,2,1,0,0,0,0,0,0,0,0,0,0,0,0,0,0,0,0,0
hsa-miR-3918,0,0,4,0,0,0,0,0,0,0,0,0,5,0,0,0,0,0,0,0,9,6,0,0,0,0,0,0,0,0,0,0,0,0,0,0,0,0,0
hsa-miR-3922-5p,0,2,0,0,1,0,0,0,0,0,0,0,0,0,0,0,1,0,0,0,0,0,0,0,0,0,0,0,0,0,0,0,0,0,0,0,0,0,0
hsa-miR-3928-5p,12,0,9,0,20,7,0,0,17,0,0,0,0,0,5,0,0,6,0,0,16,8,13,0,0,0,0,0,0,0,0,0,0,0,0,0,0,0,0
hsa-miR-3934-5p,0,0,6,0,7,0,0,0,0,0,0,0,0,0,0,0,1,0,0,0,0,0,0,0,0,0,0,0,0,0,0,0,0,0,0,0,0,0,0
hsa-miR-3936,0,0,0,0,0,0,0,0,0,0,0,0,0,0,0,1,0,0,0,0,4,0,0,0,0,0,0,7,0,0,0,0,0,0,0,0,0,0,0
hsa-miR-3939,0,0,0,0,0,0,0,0,3,4,0,0,0,0,0,0,7,0,1,0,0,6,3,0,0,0,0,0,0,0,0,0,0,0,0,0,0,0,0
hsa-miR-3940-5p,0,0,0,0,0,2,0,0,3,0,0,0,0,0,0,0,0,0,0,0,9,5,0,0,0,0,0,0,0,0,0,0,0,0,0,0,0,0,0
hsa-miR-3942-5p,9,0,0,0,0,0,0,0,0,0,0,3,0,0,0,0,0,0,10,0,0,0,0,0,0,0,0,0,0,0,0,0,0,0,0,0,0,0,0
hsa-miR-3944-5p,0,0,0,5,0,1,0,0,0,0,4,7,4,0,4,0,0,0,7,0,9,0,12,3,0,0,0,0,0,0,0,0,0,0,0,0,0,0,0
hsa-miR-409-5p,158,449,891,187,1773,2306,21,78,1909,992,67,110,196,72,22,107,1716,21,194,75,75,459,131,510,0,6,9,76,0,7,0,24,0,0,11,12,0,15,0
hsa-miR-410-5p,281,469,826,310,504,795,0,16,534,585,4,40,66,0,25,8,695,12,119,3,39,105,78,65,5,1,0,15,0,0,0,0,0,7,13,0,0,0,0
hsa-miR-411-5p,18,164,269,48,117,68,0,6,108,87,0,0,4,0,0,5,107,0,23,7,3,20,17,23,0,0,0,0,0,0,0,0,0,0,0,2,0,0,0
hsa-miR-412-5p,0,0,0,0,7,0,0,0,0,0,0,0,0,0,10,0,0,0,0,0,0,0,0,0,0,0,0,0,0,0,0,0,0,0,0,0,0,0,0
hsa-miR-421,132,154,186,98,213,254,0,0,636,182,0,29,113,17,44,27,275,108,734,1,177,142,204,78,0,31,8,0,11,0,0,1,4,0,2,0,10,9,0
hsa-miR-423-5p,205493,127636,113124,116253,90559,60538,6715,3787,111936,26909,22894,91601,172353,51918,69276,41770,79322,14820,127768,115373,220092,104225,129712,73400,15485,25466,46455,26426,3758,6712,937,28536,2978,7931,2535,3297,1783,9943,93
hsa-miR-424-5p,926,0,0,0,334,0,5,0,0,55,41,178,421,155,370,90,143,208,809,117,820,282,811,82,0,7,17,5,0,6,0,0,0,0,4,1,0,4,0
hsa-miR-4284,0,0,0,0,0,0,0,0,0,0,0,0,0,0,0,0,0,0,2,0,0,0,0,0,5,0,0,0,0,0,0,0,0,0,0,0,0,0,0
hsa-miR-429,0,0,0,0,2,0,0,0,4,0,0,0,0,0,0,0,0,0,2,0,0,0,0,0,0,10,0,0,0,0,0,0,0,0,4,0,0,0,0
hsa-miR-431-3p,0,0,0,0,0,0,0,0,0,0,0,0,0,0,0,0,0,0,0,0,6,0,0,0,0,0,0,0,0,0,0,0,0,0,0,0,0,0,0
hsa-miR-431-5p,16,25,141,8,176,193,0,19,319,356,15,6,21,0,7,0,209,0,23,0,0,51,9,57,4,0,0,0,0,0,0,0,0,0,0,0,0,0,1
hsa-miR-432-5p,16,17,59,40,84,271,0,0,695,494,0,12,0,0,2,2,82,6,9,0,19,19,2,36,4,0,0,35,0,0,0,1,0,4,5,3,0,0,0
hsa-miR-4326,7,0,0,0,0,0,0,0,0,0,0,0,0,0,0,0,0,0,0,0,0,0,0,0,0,0,0,0,0,0,0,0,0,0,0,0,0,0,0
hsa-miR-433-3p,14,0,0,0,0,0,0,0,0,0,0,0,0,0,0,0,0,0,0,0,2,0,0,0,0,0,0,0,0,0,0,0,0,0,0,0,0,0,0
hsa-miR-433-5p,14,15,23,9,31,93,0,6,108,61,0,5,13,0,0,0,18,0,0,0,2,0,6,3,0,10,0,4,0,0,0,0,0,0,0,0,0,5,0
hsa-miR-4417,0,0,0,0,0,0,0,0,0,0,0,0,0,0,0,0,0,0,0,0,0,1,0,0,0,0,0,0,0,0,0,0,0,0,0,0,0,0,0
hsa-miR-4424,0,0,0,0,1,0,0,0,0,0,0,0,0,0,0,0,7,0,8,0,0,0,0,0,0,0,0,0,0,0,0,0,0,0,0,0,0,0,0
hsa-miR-4425,0,0,0,0,0,0,0,0,0,0,0,0,0,5,0,0,0,2,8,0,0,0,0,0,0,0,0,0,0,0,0,0,0,0,0,0,0,0,0
hsa-miR-4429,1,0,0,0,0,0,0,0,0,0,0,0,0,0,0,0,0,0,0,0,0,0,0,0,0,0,0,0,0,0,0,0,0,0,0,0,0,0,0
hsa-miR-4433a-5p,0,0,0,0,0,0,0,0,2,0,0,0,0,0,0,0,0,0,0,0,0,0,0,0,0,0,0,0,0,0,0,0,0,0,0,0,0,0,0
hsa-miR-4433b-3p,5,0,0,0,0,0,0,0,0,0,0,0,0,0,0,0,0,0,4,0,0,0,0,0,0,0,0,0,0,0,0,0,0,0,0,0,0,0,0
hsa-miR-4433b-5p,5,434,70,59,242,131,0,0,1899,420,0,17,22,0,9,23,205,0,14,34,14,36,15,39,6,35,46,54,5,8,1,6,1,4,11,0,0,0,0
hsa-miR-4435,0,24,9,0,8,2,0,0,7,4,0,1,3,0,0,0,18,0,11,0,0,6,0,0,0,8,0,0,0,0,0,0,0,0,0,0,0,0,0
hsa-miR-4436a,0,0,0,0,0,0,0,0,3,0,0,0,2,0,0,0,0,0,0,0,0,0,0,0,0,0,0,0,0,0,0,0,0,0,0,0,0,0,0
hsa-miR-4436b-5p,0,0,0,0,1,0,0,0,0,0,0,0,0,0,0,0,1,0,0,0,0,0,2,0,0,0,0,0,0,0,0,0,0,0,0,0,0,0,0
hsa-miR-4440,0,0,0,0,0,1,0,0,0,0,0,0,0,0,0,0,0,0,0,0,3,7,0,0,0,0,0,0,0,0,0,0,0,0,0,0,0,0,0
hsa-miR-4446-5p,66,99,184,3,436,314,16,7,826,488,4,14,77,28,7,16,129,0,113,27,25,62,50,58,20,13,33,54,4,4,0,8,4,0,44,10,3,11,1
hsa-miR-4448,0,0,0,0,0,0,0,0,0,0,0,0,0,0,0,0,0,0,0,0,0,0,0,0,0,0,5,0,0,0,0,0,0,0,0,0,0,0,0
hsa-miR-4449,0,3,0,1,0,2,0,11,7,0,11,0,5,0,1,0,3,0,0,0,2,0,8,0,0,0,0,0,0,0,0,0,0,0,0,0,0,0,0
hsa-miR-4465,0,0,0,0,0,0,0,0,2,0,0,0,0,0,0,0,0,0,0,0,0,0,0,0,0,0,0,0,0,0,0,0,0,0,0,0,0,0,0
hsa-miR-4466,0,0,0,8,0,1,0,5,0,6,0,5,0,2,2,2,0,0,0,1,4,5,3,0,0,0,0,0,0,0,0,0,0,0,0,0,0,0,0
hsa-miR-4467,0,0,0,0,0,0,0,0,0,0,0,0,0,0,0,0,0,0,0,10,0,0,0,5,0,0,0,0,0,0,0,0,0,0,0,0,0,0,0
hsa-miR-4473,0,0,0,0,0,0,0,0,0,0,0,0,0,0,0,0,5,0,0,0,0,0,0,0,0,0,0,0,0,0,0,0,0,0,0,0,0,0,0
hsa-miR-4474-5p,1,0,0,0,0,1,0,0,0,2,0,0,0,0,0,0,0,0,4,0,0,0,0,0,0,0,0,0,0,0,0,0,0,0,0,0,0,0,0
hsa-miR-4477b,0,0,7,0,0,0,0,0,0,0,0,0,0,0,0,0,0,5,0,0,0,0,0,0,0,0,0,0,0,0,0,0,0,0,0,0,0,0,0
hsa-miR-4479,0,0,0,0,0,0,0,0,0,0,0,3,0,0,9,0,2,2,1,0,0,0,0,0,0,0,0,0,0,0,0,0,0,0,0,0,0,0,0
hsa-miR-4482-5p,19,0,10,41,0,0,0,0,2,0,0,0,21,2,0,0,18,0,0,0,8,31,33,1,0,0,0,0,0,0,0,0,0,0,0,0,0,0,0
hsa-miR-4485-3p,0,0,0,0,0,2,0,0,0,0,0,0,0,0,0,0,0,0,0,0,0,0,0,0,0,0,0,0,0,0,0,0,0,0,0,0,0,0,0
hsa-miR-4485-5p,0,0,0,0,0,0,0,0,0,0,0,0,0,0,0,0,0,0,0,0,0,0,0,0,0,0,0,0,0,0,3,0,0,0,0,0,0,0,0
hsa-miR-4487,5,0,0,0,0,0,0,0,0,0,0,0,0,0,0,0,0,4,3,0,0,0,0,5,0,0,0,0,0,0,0,0,0,0,0,0,0,0,0
hsa-miR-4488,0,0,0,0,0,0,2,23,0,0,0,0,82,0,82,0,53,0,58,0,0,65,0,0,0,0,0,0,0,0,0,19,0,20,0,0,0,0,0
hsa-miR-4491,0,0,0,0,0,0,0,0,0,0,0,0,0,2,0,0,0,0,0,0,0,0,0,0,0,0,0,0,0,0,0,0,0,0,0,0,0,0,0
hsa-miR-449a,0,0,0,0,0,1,0,0,0,0,0,0,0,0,0,0,2,0,7,0,0,0,0,0,0,0,0,0,0,0,0,0,0,0,0,0,0,0,0
hsa-miR-449c-5p,0,0,0,0,0,0,0,0,0,0,0,0,0,0,0,2,1,0,16,0,0,0,0,3,0,0,0,0,0,0,0,0,0,0,0,0,0,0,0
hsa-miR-450a-5p,18,10,7,6,4,5,0,0,5,0,5,0,2,0,0,3,12,0,42,0,2,6,7,0,3,0,0,0,0,0,0,0,0,0,0,0,0,0,0
hsa-miR-450b-5p,72,26,35,50,47,19,0,0,29,11,0,2,6,6,2,3,48,25,127,4,23,21,45,1,0,0,0,0,0,0,0,0,0,7,0,5,0,0,0
hsa-miR-4511,0,3,0,0,4,6,0,0,0,6,0,0,0,0,0,4,5,0,2,0,0,10,5,2,0,0,0,0,0,0,0,0,0,0,0,0,0,0,0
hsa-miR-4512,0,0,2,0,7,0,0,0,3,0,0,0,0,0,0,0,1,0,0,0,0,0,0,0,0,0,0,0,0,0,0,0,0,0,0,0,0,0,0
hsa-miR-4513,0,0,0,0,0,0,0,0,0,0,0,0,8,0,0,0,0,0,7,0,4,0,3,0,0,0,0,0,0,0,0,0,0,0,0,0,0,0,0
hsa-miR-451a,0,0,0,0,0,0,0,0,0,0,0,0,0,0,0,0,0,0,0,0,0,0,0,0,0,0,0,0,0,0,0,0,0,88,0,0,0,0,0
hsa-miR-452-5p,0,0,3,0,10,0,0,0,25,7,0,4,1,0,2,0,0,9,2,0,0,0,18,4,0,0,0,0,0,0,0,0,0,0,0,0,0,0,0
hsa-miR-4520-5p,0,0,0,0,0,0,0,0,0,0,0,0,0,0,0,0,0,0,5,0,0,0,0,0,0,0,0,0,0,0,0,0,0,0,0,0,0,0,0
hsa-miR-4523,0,0,0,0,0,0,0,0,0,0,0,0,0,0,0,0,0,0,0,0,0,2,0,0,0,0,0,0,0,0,0,0,0,0,0,0,0,0,0
hsa-miR-4524a-5p,0,0,0,0,0,0,0,0,0,0,0,0,0,0,0,0,0,0,0,0,0,0,0,0,0,1,0,0,0,0,0,0,0,0,0,0,0,0,0
hsa-miR-4526,0,0,0,0,0,0,0,0,0,0,0,0,0,0,0,0,4,0,0,0,0,0,0,0,0,0,0,0,0,0,0,0,0,0,0,0,0,0,0
hsa-miR-4529-5p,0,0,0,0,0,0,0,0,0,2,0,0,0,14,3,0,0,0,2,0,0,0,0,0,0,0,6,0,0,0,0,0,0,0,0,0,0,0,0
hsa-miR-454-5p,0,69,0,0,0,0,0,0,0,0,0,0,0,0,0,5,0,0,0,0,11,0,0,0,0,0,0,0,0,0,0,0,0,0,0,0,0,0,0
hsa-miR-455-5p,0,0,0,0,0,0,0,0,0,5,0,0,0,0,3,0,0,3,4,0,8,0,9,0,0,0,0,0,0,0,0,0,0,0,0,0,0,0,0
hsa-miR-4632-5p,0,0,0,0,0,0,0,0,0,0,0,0,0,0,0,0,0,0,0,0,5,0,0,0,0,0,0,0,0,0,0,0,0,0,0,0,0,0,0
hsa-miR-4638-5p,0,4,0,0,3,2,0,0,4,2,0,0,8,0,0,0,0,0,13,0,5,0,5,9,0,0,0,0,0,0,0,0,0,0,0,0,0,0,0
hsa-miR-4642,6,0,0,0,3,0,0,0,0,0,0,0,0,0,0,0,0,0,5,0,0,0,0,0,0,0,0,0,0,0,0,0,0,0,0,0,0,0,0
hsa-miR-4645-3p,0,0,0,0,0,0,0,0,16,0,0,0,0,0,0,0,0,0,11,0,0,0,0,0,0,0,0,0,0,0,0,0,0,0,0,0,0,0,0
hsa-miR-4645-5p,18,4,8,0,12,9,0,0,16,9,0,0,0,0,0,0,13,0,11,0,0,4,0,5,0,0,0,0,0,0,0,0,0,0,0,0,0,0,0
hsa-miR-4646-5p,7,3,6,8,0,5,5,0,9,2,0,2,2,0,0,4,3,0,1,14,8,3,3,3,0,11,0,1,0,0,0,0,0,0,0,0,0,0,0
hsa-miR-4647,0,0,0,0,0,4,0,0,4,0,0,2,0,0,0,0,1,0,0,0,0,0,0,0,0,0,0,0,0,0,0,0,0,0,0,0,0,0,0
hsa-miR-4653-5p,0,0,0,8,0,0,0,0,4,0,0,0,0,0,0,0,0,0,0,0,0,0,0,0,0,0,0,0,0,0,0,0,0,0,0,0,0,0,0
hsa-miR-4654,0,0,0,0,2,0,0,0,3,0,0,0,0,0,0,0,2,0,3,0,0,0,0,0,0,0,0,0,0,0,0,0,0,0,0,0,0,0,0
hsa-miR-4655-5p,0,0,0,0,0,0,0,0,0,0,0,0,0,0,0,0,0,0,0,0,3,0,0,0,0,0,0,0,0,0,0,0,0,0,0,0,0,0,0
hsa-miR-4657,0,0,0,0,0,2,0,0,0,2,0,0,0,0,0,0,0,0,0,0,0,0,6,0,0,0,0,0,0,0,0,0,0,0,0,0,0,0,0
hsa-miR-4658,5,5,0,69,0,1,0,0,0,0,0,2,0,0,13,0,0,8,0,0,15,2,10,0,0,0,0,0,0,0,2,0,0,9,0,0,0,2,0
hsa-miR-4659a-5p,0,0,0,0,0,0,0,0,3,0,0,0,0,0,0,0,0,0,5,0,0,0,0,0,0,0,0,0,0,0,0,0,0,0,0,0,0,0,0
hsa-miR-4659b-5p,0,0,0,0,5,0,0,0,5,1,0,0,0,0,0,0,0,0,6,0,0,0,0,0,0,3,0,0,0,0,0,0,0,0,0,0,0,0,0
hsa-miR-4660,0,0,0,0,0,0,0,0,0,4,0,0,0,0,0,0,0,0,0,0,0,0,0,0,0,0,0,0,0,0,0,0,0,0,0,0,0,0,0
hsa-miR-4661-5p,0,0,3,0,0,1,0,0,0,0,0,0,2,0,0,0,4,0,15,0,0,0,0,3,0,0,0,0,0,0,0,0,0,0,0,0,0,0,0
hsa-miR-4662a-5p,7,10,3,0,0,1,0,0,14,3,0,0,0,0,0,0,10,0,23,0,13,13,9,2,0,0,0,0,0,0,0,0,0,0,0,0,0,0,0
hsa-miR-4664-5p,0,0,0,0,0,0,0,0,0,0,0,0,3,0,4,0,0,0,0,0,0,0,0,0,0,0,0,0,0,0,0,0,0,0,0,0,0,0,0
hsa-miR-4665-5p,0,0,0,0,1,1,0,0,0,1,0,0,0,0,0,0,3,0,0,0,0,4,0,0,0,0,0,0,0,0,0,1,0,0,0,0,0,0,0
hsa-miR-4666a-5p,0,0,0,0,0,0,0,0,0,0,0,0,0,0,0,0,0,0,7,0,0,0,0,0,0,0,0,0,0,0,0,0,0,0,0,0,0,0,0
hsa-miR-4667-5p,0,0,0,0,0,0,0,0,3,0,0,0,0,0,0,0,4,0,0,0,0,0,0,0,0,0,0,0,0,0,0,3,0,0,0,0,0,0,0
hsa-miR-4670-5p,0,0,0,0,0,0,0,0,0,0,0,0,0,0,0,0,0,0,3,0,0,0,0,0,0,0,0,0,0,0,0,0,0,0,0,0,0,0,0
hsa-miR-4671-5p,0,0,0,0,0,1,0,0,0,0,0,0,0,0,0,0,0,0,0,0,0,0,0,0,0,0,0,0,0,0,0,0,0,0,0,0,0,0,0
hsa-miR-4672,0,0,0,0,0,0,0,0,0,0,0,0,0,0,4,0,0,0,0,0,3,0,0,0,0,0,0,0,0,0,0,0,0,0,0,0,0,0,0
hsa-miR-4673,0,0,0,0,0,0,0,0,0,2,0,0,0,0,0,0,0,0,0,0,0,0,0,0,0,0,0,0,0,0,0,0,0,0,0,0,0,0,0
hsa-miR-4676-5p,0,0,0,0,0,2,0,1,0,0,0,0,0,0,0,0,2,0,2,0,0,0,2,0,0,0,0,0,0,0,0,0,0,0,0,0,0,0,0
hsa-miR-4677-5p,0,0,0,0,0,0,0,0,4,0,0,0,0,4,2,0,6,12,19,0,10,0,5,0,0,0,2,3,0,0,0,0,0,0,0,0,0,0,0
hsa-miR-4682,0,0,0,0,0,0,0,0,0,0,0,0,0,0,0,0,0,0,0,0,0,4,0,0,0,0,0,0,0,0,0,0,0,0,0,0,0,0,0
hsa-miR-4684-5p,0,0,0,0,0,0,0,0,0,0,0,0,0,0,3,0,0,0,0,0,0,0,0,0,0,0,0,0,0,0,0,0,0,0,0,0,0,0,0
hsa-miR-4685-5p,0,0,0,0,0,0,0,0,0,0,0,0,5,0,6,8,2,0,4,0,10,5,0,0,0,0,0,0,0,0,0,0,0,0,0,0,0,0,0
hsa-miR-4687-5p,0,0,0,0,0,1,0,0,4,1,0,0,0,0,6,0,0,0,0,0,3,0,0,0,0,0,0,0,0,0,0,0,0,0,0,0,0,0,0
hsa-miR-4688,0,0,0,5,0,0,0,0,0,0,0,0,0,0,0,2,0,0,0,0,0,0,0,0,2,0,0,0,0,0,0,0,0,0,0,0,0,0,0
hsa-miR-4690-5p,0,0,0,0,0,0,0,0,0,0,0,0,0,0,0,0,0,0,0,0,0,0,0,10,0,0,0,0,0,0,0,0,0,0,0,0,0,0,0
hsa-miR-4691-5p,0,0,0,0,0,0,0,0,0,0,0,0,0,0,0,0,0,0,0,0,0,0,0,3,0,0,0,0,0,0,0,0,0,0,0,0,0,0,0
hsa-miR-4695-5p,0,0,0,0,0,0,0,0,0,2,0,0,0,0,0,0,0,0,0,0,0,0,0,0,0,0,0,0,0,0,0,0,0,0,0,0,0,0,0
hsa-miR-4697-5p,6,10,5,0,3,0,0,0,6,0,0,0,0,0,7,0,0,2,0,0,0,4,0,5,0,0,0,0,0,0,0,0,0,0,0,0,0,0,0
hsa-miR-4707-5p,0,0,0,0,0,18,12,0,2,0,0,0,0,0,0,0,1,0,0,16,0,0,0,0,0,0,0,0,0,0,0,8,0,0,0,0,0,0,0
hsa-miR-4708-5p,0,0,7,0,0,0,0,0,0,0,0,0,10,0,0,0,0,0,0,0,0,0,0,0,0,0,0,0,0,0,0,0,0,0,0,0,0,0,0
hsa-miR-4709-3p,0,0,0,7,5,0,0,0,0,0,0,0,0,0,0,0,0,0,0,0,0,0,0,0,0,0,0,0,0,0,0,0,0,0,0,0,0,0,0
hsa-miR-4709-5p,0,0,0,7,5,0,0,0,0,0,0,0,0,0,0,0,0,4,0,0,0,0,0,0,0,0,0,0,0,0,0,0,0,0,0,0,0,0,0
hsa-miR-4710,0,0,0,0,0,0,0,0,0,0,0,0,0,0,0,0,0,0,0,0,0,6,0,0,0,0,0,0,0,0,0,0,0,0,0,0,0,0,0
hsa-miR-4712-5p,0,0,0,0,0,0,0,0,0,0,6,0,0,0,0,0,0,0,0,0,0,0,0,0,0,0,0,0,0,0,0,0,0,0,0,0,0,0,0
hsa-miR-4714-5p,0,0,0,0,0,0,0,0,0,0,0,0,0,0,0,0,0,0,0,0,3,0,0,0,0,0,0,0,0,0,0,0,0,0,0,0,0,0,0
hsa-miR-4721,2,0,0,0,0,0,0,0,0,0,0,0,0,0,0,0,0,0,0,0,0,0,2,0,0,0,0,0,0,0,0,0,0,0,0,0,0,0,0
hsa-miR-4724-5p,7,0,7,0,0,2,0,0,0,0,0,0,1,0,3,0,0,0,12,0,0,0,2,0,0,0,0,0,0,0,0,0,0,0,0,0,0,0,0
hsa-miR-4727-5p,9,0,0,0,0,0,0,0,0,0,0,0,0,0,0,0,6,0,0,0,0,0,0,0,0,0,0,0,0,0,0,0,0,0,0,0,0,0,0
hsa-miR-4729,3,0,0,0,0,0,0,0,0,0,0,0,0,0,0,0,0,0,0,0,0,0,0,0,0,0,0,0,0,0,0,0,0,0,0,0,0,0,0
hsa-miR-4732-5p,0,0,0,0,0,4,0,0,0,0,0,460,984,229,175,878,115,49,0,663,937,408,0,367,23,81,0,0,10,0,2,0,0,0,7,5,0,21,4
hsa-miR-4738-5p,8,0,0,4,0,1,0,0,2,0,0,0,3,0,0,0,0,0,3,4,9,0,0,6,0,0,0,0,0,0,0,0,0,0,0,0,0,0,0
hsa-miR-4741,10,0,0,0,0,2,10,0,0,0,0,4,2,0,0,1,0,4,3,0,0,1,0,5,0,0,0,0,0,0,0,3,1,0,0,0,0,0,0
hsa-miR-4742-5p,0,0,0,0,0,1,0,0,4,2,0,0,10,0,0,3,4,0,5,0,0,4,0,0,0,0,0,0,0,0,0,0,0,0,0,0,0,0,0
hsa-miR-4743-5p,0,0,0,0,0,0,0,0,2,0,0,0,0,0,0,0,0,0,0,0,0,0,0,0,0,0,0,0,0,0,0,0,0,0,0,0,0,0,0
hsa-miR-4745-5p,5,0,0,0,0,0,0,0,0,0,0,0,0,8,7,0,0,6,5,0,0,0,5,5,0,0,13,0,0,0,0,0,0,8,0,0,0,0,0
hsa-miR-4746-5p,0,0,0,0,43,8,0,0,6,0,0,0,12,0,3,0,9,0,34,4,0,15,10,7,0,0,0,0,0,0,0,0,0,0,0,0,0,0,0
hsa-miR-4748,0,0,0,0,0,1,0,0,17,0,0,0,0,0,0,0,0,0,0,0,0,0,0,0,0,0,0,0,0,0,0,0,0,0,0,0,0,0,0
hsa-miR-4751,0,0,0,0,0,0,0,0,0,0,0,0,0,0,0,0,0,0,0,0,3,0,6,0,0,0,0,0,0,0,0,0,0,0,0,0,0,0,0
hsa-miR-4753-5p,0,0,0,0,4,1,0,0,0,0,0,0,0,0,0,0,3,0,3,0,0,0,0,0,0,0,0,0,0,0,0,0,0,0,0,0,0,0,0
hsa-miR-4755-3p,4,0,0,0,0,0,0,0,0,0,0,0,0,0,0,0,0,0,0,0,0,0,15,0,0,0,0,0,0,0,0,2,0,0,0,0,0,0,0
hsa-miR-4755-5p,4,0,0,0,0,0,0,0,0,0,0,0,0,0,7,1,0,4,9,0,9,1,0,0,0,0,0,0,0,0,0,2,0,5,0,0,0,2,0
hsa-miR-4757-3p,0,0,0,0,0,0,0,0,0,0,0,0,0,0,2,0,3,0,0,0,0,0,0,0,0,0,0,0,0,0,0,0,0,0,0,0,0,0,0
hsa-miR-4757-5p,0,0,0,0,0,0,0,0,4,0,0,0,0,0,2,0,3,0,2,0,0,0,0,0,0,0,0,0,0,0,0,2,0,0,0,0,0,0,0
hsa-miR-4762-5p,0,0,9,0,0,1,0,0,3,3,0,0,0,0,0,0,7,0,0,0,0,0,0,0,0,0,0,1,0,0,0,0,0,0,0,0,0,0,0
hsa-miR-4763-5p,0,0,0,0,0,0,0,0,0,0,0,0,0,0,0,0,0,0,0,0,0,0,0,0,0,0,0,5,0,0,0,0,0,0,0,0,0,0,0
hsa-miR-4766-5p,0,0,0,0,2,0,0,0,0,0,0,2,0,0,0,0,1,0,0,0,0,0,0,0,0,0,0,0,0,0,0,0,0,0,0,0,0,0,0
hsa-miR-4767,0,0,0,0,1,4,0,0,3,0,0,7,13,0,11,7,4,7,2,0,3,1,23,14,0,0,0,0,0,0,0,2,0,0,0,0,0,4,0
hsa-miR-4772-5p,8,0,0,0,4,8,0,0,0,0,0,1,0,0,0,0,2,11,23,0,0,3,2,0,0,0,0,0,0,0,0,0,0,0,0,0,0,0,0
hsa-miR-4773,0,0,0,0,0,0,0,0,0,0,0,0,4,0,0,0,0,0,0,0,0,0,0,0,0,0,0,0,0,0,0,0,0,0,0,0,0,0,0
hsa-miR-4775,9,0,0,0,0,0,0,0,0,0,0,0,0,0,0,0,7,0,0,0,6,0,0,7,0,0,0,0,0,0,0,0,0,0,0,0,0,0,0
hsa-miR-4777-5p,0,0,0,0,0,2,0,0,3,0,0,0,0,0,0,3,0,0,0,0,0,0,0,0,0,0,0,0,0,0,0,0,0,0,0,0,0,0,0
hsa-miR-4781-5p,0,0,0,0,0,2,0,0,2,0,0,0,0,0,0,0,3,0,5,0,0,5,5,0,0,0,0,0,0,0,0,0,0,0,0,0,0,0,0
hsa-miR-4785,0,0,0,2,0,4,0,0,4,5,0,2,0,0,0,0,1,0,10,3,3,2,0,2,0,1,0,0,0,0,0,0,0,0,0,0,0,0,0
hsa-miR-4786-5p,0,0,0,0,0,0,0,0,0,0,0,0,3,0,3,0,0,0,1,0,0,0,0,0,0,0,0,0,0,0,0,0,0,0,0,0,0,0,0
hsa-miR-4787-3p,0,0,0,0,0,1,0,0,0,0,0,0,0,0,0,0,0,0,0,0,0,0,0,0,0,0,0,0,0,0,0,0,0,0,0,0,0,0,0
hsa-miR-4787-5p,0,0,0,0,0,1,0,0,0,0,0,0,0,0,0,0,0,0,0,0,0,0,0,0,0,0,0,0,0,0,0,0,0,0,0,0,0,0,0
hsa-miR-4788,0,0,0,0,0,0,0,0,0,0,0,0,4,0,0,0,0,0,0,0,0,0,0,0,0,0,0,0,0,0,0,0,0,0,0,0,0,0,0
hsa-miR-4796-5p,0,0,0,0,0,0,0,0,0,0,0,0,0,0,0,0,0,0,5,0,0,1,0,0,0,0,0,0,0,0,0,0,0,0,0,0,0,0,0
hsa-miR-4797-5p,0,0,7,0,0,0,0,0,2,0,0,0,7,0,0,0,0,0,7,0,0,0,0,0,0,0,0,0,0,0,0,0,0,0,0,0,0,0,0
hsa-miR-4800-3p,0,0,5,0,4,0,0,0,0,3,0,0,0,0,0,0,0,0,0,0,3,0,0,0,0,0,0,0,0,6,0,0,0,0,0,0,0,0,0
hsa-miR-4800-5p,17,0,5,3,4,0,0,0,2,3,0,0,0,0,5,0,2,0,0,0,3,5,0,0,0,0,0,0,0,6,0,0,0,0,0,0,0,0,0
hsa-miR-4802-5p,0,0,0,0,0,0,0,0,0,0,0,0,0,0,0,0,0,0,3,0,0,0,0,0,0,0,0,0,0,0,0,0,0,0,0,0,0,0,0
hsa-miR-4804-5p,0,0,0,0,0,0,0,0,0,0,0,0,0,0,0,0,0,0,1,0,0,0,0,0,0,0,0,0,0,0,0,0,0,0,0,0,0,0,0
hsa-miR-483-5p,32,4,11,299,3,0,0,0,0,2,6,11,16,0,17,1,4,0,0,234,34,40,39,0,5,0,0,4,0,0,0,14,0,51,2,0,11,2,1
hsa-miR-484,1395,1138,819,1349,1379,570,42,74,4516,677,120,1029,4124,266,257,2057,1150,164,2255,1158,5780,1231,1300,1183,77,121,778,300,12,77,13,469,21,7,15,11,7,87,0
hsa-miR-485-5p,69,19,71,7,78,195,0,0,204,85,11,6,5,0,12,5,112,5,21,3,0,31,16,25,0,0,0,13,0,0,0,14,0,0,2,0,0,0,0
hsa-miR-486-5p,373397,199118,152780,371776,247623,325199,12398,25814,570187,178439,215563,1464297,4224990,498406,346493,4286670,359303,276473,869297,1234083,3251663,714719,1587149,1295980,53260,93141,293607,156051,14876,43068,5463,273120,11552,14068,8358,15426,11577,64788,653
hsa-miR-487a-5p,0,0,6,0,0,0,0,0,0,1,0,2,0,0,0,0,3,0,0,0,0,0,3,0,0,0,0,0,0,0,0,0,0,0,0,0,0,0,0
hsa-miR-487b-5p,0,11,57,0,40,10,0,0,35,23,0,0,0,0,0,0,36,0,2,0,0,4,0,0,0,0,0,0,0,0,0,0,0,0,0,0,0,0,0
hsa-miR-489-5p,0,0,0,0,0,0,0,0,0,8,0,0,0,0,0,0,0,0,4,0,0,4,0,0,0,0,0,0,0,0,0,0,0,0,0,0,0,0,0
hsa-miR-490-5p,5,0,0,0,2,4,0,0,10,2,0,0,0,0,5,0,35,0,2,3,0,2,16,0,0,0,0,0,0,1,0,3,0,0,0,0,0,0,0
hsa-miR-491-5p,0,0,0,0,0,0,0,0,0,0,0,0,0,0,0,0,2,0,0,0,0,0,0,0,0,0,0,0,0,0,0,0,0,0,0,0,0,0,0
hsa-miR-493-5p,12,22,41,0,33,24,0,0,69,42,5,3,5,0,0,0,54,0,5,2,0,9,0,6,0,0,0,0,0,0,0,0,0,0,0,0,0,0,0
hsa-miR-494-5p,0,0,0,0,11,0,0,0,2,5,0,0,0,0,2,0,11,0,1,0,0,0,0,0,0,0,0,0,0,0,0,0,0,0,0,0,0,0,0
hsa-miR-495-5p,0,0,0,0,4,1,0,0,0,0,0,0,0,0,0,0,1,0,6,0,0,0,0,0,0,0,0,0,0,0,0,0,0,0,0,0,0,0,0
hsa-miR-496,0,0,0,0,0,1,0,0,0,0,0,0,0,0,0,0,6,0,0,0,0,0,0,0,0,0,0,0,0,0,0,0,0,0,0,0,0,0,0
hsa-miR-497-5p,41,8,20,26,16,10,0,0,81,28,0,4,24,5,12,0,56,8,43,0,30,14,26,6,0,0,7,0,5,0,0,0,0,0,0,0,0,0,0
hsa-miR-4999-5p,0,0,0,0,0,0,0,0,0,0,0,0,0,0,0,0,0,0,8,0,0,0,0,0,0,0,0,0,0,0,0,0,0,0,0,0,0,0,0
hsa-miR-499a-5p,6,0,0,4,0,0,0,0,0,0,0,0,0,0,0,0,0,0,6,0,13,2,0,0,0,0,0,0,0,0,0,0,0,0,0,0,0,0,0
hsa-miR-5000-5p,0,0,0,0,0,1,0,0,4,0,0,0,0,0,0,0,1,0,10,0,0,0,0,0,0,0,0,0,0,0,0,0,0,0,0,0,0,0,0
hsa-miR-5001-5p,5,3,0,0,0,0,0,0,0,0,0,0,18,0,4,0,8,3,26,0,10,0,0,0,0,0,0,0,5,0,0,0,0,0,0,0,0,0,0
hsa-miR-5003-3p,0,0,0,0,0,0,0,0,0,0,0,0,0,0,0,0,0,0,0,0,7,0,0,0,0,0,0,0,0,0,0,0,0,0,0,0,0,0,0
hsa-miR-5003-5p,0,0,0,0,0,1,0,0,2,0,0,0,0,0,0,0,0,0,0,0,7,0,0,0,0,0,0,0,0,0,0,0,0,0,0,0,0,0,0
hsa-miR-5006-3p,0,0,0,0,0,0,0,0,2,0,0,0,0,0,0,0,0,0,0,0,0,0,0,0,0,0,0,0,0,0,0,0,0,0,0,0,0,0,0
hsa-miR-5006-5p,0,0,0,0,0,1,0,0,2,0,0,0,0,0,0,0,0,0,0,0,0,0,0,0,0,0,0,0,0,0,0,0,0,0,0,0,0,0,0
hsa-miR-500a-5p,306,138,160,89,136,45,8,7,65,41,5,86,143,35,63,9,350,69,941,62,463,232,364,73,2,19,19,9,0,3,0,14,0,0,10,7,0,5,0
hsa-miR-501-5p,1832,271,376,751,208,237,29,9,355,61,50,251,789,144,448,175,795,195,1902,499,1864,808,1698,308,49,84,135,90,17,7,1,149,11,13,19,6,2,40,0
hsa-miR-502-5p,115,37,54,44,18,15,0,1,24,24,0,33,36,10,42,2,75,36,247,23,141,55,136,11,1,2,0,1,0,0,0,5,0,0,10,0,0,5,0
hsa-miR-503-5p,0,0,0,0,0,0,0,0,0,0,0,0,4,0,5,0,0,0,12,0,0,0,0,0,0,0,0,0,0,0,0,0,0,0,0,0,0,0,0
hsa-miR-504-5p,0,0,0,0,0,0,0,0,0,0,0,0,3,0,0,0,0,0,0,0,0,0,0,0,0,0,0,0,0,0,0,0,0,0,0,0,0,0,0
hsa-miR-505-5p,33,15,0,4,7,21,0,0,41,14,0,4,5,0,7,3,23,0,40,14,57,28,28,7,0,1,0,0,0,0,0,0,0,0,0,0,0,3,0
hsa-miR-508-5p,0,0,0,0,0,0,0,0,0,0,0,0,0,0,0,0,0,0,0,0,0,0,3,0,0,0,0,0,0,0,0,0,0,0,0,0,0,0,0
hsa-miR-509-3-5p,10,0,0,4,0,6,0,0,3,0,0,0,0,0,0,0,3,0,4,0,0,4,0,3,0,0,0,0,0,0,0,0,0,0,0,0,0,0,0
hsa-miR-509-5p,10,0,0,4,0,6,0,0,3,0,0,0,0,0,0,0,3,0,4,0,0,4,0,3,0,0,0,0,0,0,0,0,0,0,0,0,0,0,0
hsa-miR-5094,0,0,0,0,0,0,0,0,0,0,0,0,0,4,0,0,3,0,0,0,0,0,0,0,0,0,0,0,0,0,0,0,0,0,0,0,0,0,0
hsa-miR-511-5p,18,3,0,7,14,0,0,0,35,7,0,1,0,0,0,0,0,5,6,0,9,20,18,0,0,0,0,0,0,0,0,0,0,0,0,0,0,0,0
hsa-miR-516a-5p,0,0,0,0,0,0,0,0,0,0,0,0,9,0,0,0,0,0,0,0,0,0,0,0,0,0,0,0,0,0,0,0,0,0,0,0,0,0,0
hsa-miR-517-5p,0,0,0,0,0,0,0,0,0,0,0,0,0,0,0,0,1,0,2,0,0,0,0,0,0,0,0,0,0,0,0,0,0,0,0,0,0,0,0
hsa-miR-517a-3p,0,0,0,0,0,0,0,0,0,0,0,0,0,0,0,0,1,0,0,0,0,0,0,0,0,0,0,0,0,0,0,0,0,0,0,0,0,0,0
hsa-miR-517b-3p,0,0,0,0,0,0,0,0,0,0,0,0,0,0,0,0,0,0,2,0,0,0,0,0,0,0,0,0,0,0,0,0,0,0,0,0,0,0,0
hsa-miR-5188,0,0,0,0,0,3,0,0,0,0,0,0,4,0,0,0,0,0,0,0,0,0,0,0,0,0,0,0,0,0,0,0,0,0,0,0,0,0,0
hsa-miR-5189-5p,9,39,51,0,47,0,0,7,2,52,7,50,28,19,0,13,11,0,0,40,19,52,44,30,0,0,0,17,0,0,0,0,0,0,0,0,0,0,0
hsa-miR-518b,3,0,0,0,0,0,0,0,0,0,0,0,0,0,0,0,0,0,0,0,0,0,0,0,0,0,0,0,0,0,0,0,0,0,0,0,0,0,0
hsa-miR-5190,13,0,4,0,0,0,0,0,0,0,0,0,0,0,0,0,0,0,0,0,0,0,0,0,0,0,0,0,0,0,0,0,0,0,0,0,0,0,0
hsa-miR-5193,0,0,0,0,0,0,0,0,2,0,0,0,0,0,0,0,0,0,0,0,0,0,0,0,0,0,0,0,0,0,0,0,0,0,0,0,0,0,0
hsa-miR-5196-5p,0,0,0,0,0,0,0,0,0,0,0,0,0,0,0,0,0,0,0,0,0,0,2,0,0,0,0,0,0,0,0,0,0,0,0,0,0,0,0
hsa-miR-520a-5p,0,0,0,0,0,0,0,0,0,0,0,0,0,0,0,0,0,0,1,0,0,0,0,0,0,0,0,0,0,0,0,0,0,0,0,0,0,0,0
hsa-miR-526b-5p,0,0,0,0,0,0,0,0,0,0,0,0,0,0,0,0,0,0,0,0,0,0,0,6,0,0,0,0,0,0,0,0,0,0,0,0,0,0,0
hsa-miR-532-5p,225,52,101,214,375,186,17,5,270,188,70,374,1057,100,444,275,280,293,1224,112,877,553,734,377,16,10,0,10,0,6,0,11,0,4,11,0,3,11,1
hsa-miR-539-5p,12,14,19,5,5,9,0,0,23,12,0,0,0,0,0,0,7,0,0,0,0,0,0,3,0,0,0,0,0,0,0,0,0,0,0,0,0,0,0
hsa-miR-541-5p,0,0,5,0,1,0,0,0,0,0,0,0,0,0,0,0,0,0,0,0,0,0,4,0,0,0,0,0,0,0,0,0,0,0,0,0,0,0,0
hsa-miR-542-5p,0,4,0,0,0,6,0,0,6,1,0,0,0,0,0,0,5,7,6,0,0,4,0,0,0,0,0,0,0,4,0,0,0,0,0,0,0,0,0
hsa-miR-543,36,16,21,12,29,61,2,0,42,22,0,2,2,0,0,2,43,0,2,0,9,10,0,0,0,0,0,1,0,0,0,0,0,0,0,0,0,0,0
hsa-miR-544b,0,0,0,0,0,0,0,0,0,0,0,0,0,0,0,0,0,0,0,0,0,9,0,0,0,0,0,0,0,0,0,0,0,0,0,0,0,0,0
hsa-miR-548a-3p,0,0,0,0,8,0,0,0,0,10,0,0,0,0,0,0,0,0,0,0,0,0,0,0,0,0,0,0,0,0,0,0,0,0,0,0,0,0,0
hsa-miR-548a-5p,0,0,0,0,3,0,0,0,3,2,0,0,0,0,0,0,0,0,0,0,0,0,0,0,0,0,0,0,0,0,0,0,0,0,0,0,0,0,0
hsa-miR-548ac,0,0,0,0,0,0,0,0,15,0,0,0,0,0,0,0,0,0,0,0,0,0,11,6,0,0,0,0,0,0,0,0,0,0,0,0,0,0,0
hsa-miR-548ad-5p,0,0,0,0,0,0,0,0,54,0,0,0,0,0,0,0,0,0,68,0,0,0,0,0,0,0,0,0,0,0,0,0,0,0,0,0,0,0,0
hsa-miR-548ae-5p,0,0,0,0,0,0,0,0,0,0,0,0,0,0,4,0,0,0,0,0,0,14,21,0,0,0,0,0,0,0,0,0,0,0,0,0,0,0,0
hsa-miR-548ag,0,0,0,0,0,3,0,0,0,0,0,0,0,0,0,0,4,0,0,0,0,0,0,0,0,0,0,0,0,0,0,0,0,0,0,0,0,0,0
hsa-miR-548ai,0,0,0,0,0,2,0,0,0,0,0,0,0,0,0,0,0,0,0,0,0,0,0,0,0,0,0,0,0,0,0,0,0,0,0,0,0,0,0
hsa-miR-548al,0,0,3,0,0,0,0,0,0,0,0,0,0,0,0,0,0,0,0,0,0,0,0,0,0,0,0,0,0,0,0,0,0,0,0,0,0,0,0
hsa-miR-548ap-3p,0,0,0,0,0,1,0,0,0,0,0,0,0,0,0,0,0,0,9,0,0,0,0,0,0,0,0,0,0,0,0,0,0,0,0,0,0,0,0
hsa-miR-548ap-5p,0,0,0,0,16,0,0,0,9,0,0,0,0,0,0,0,0,0,0,0,0,0,0,0,0,0,0,0,0,0,0,0,0,0,0,0,0,0,0
hsa-miR-548aq-3p,0,0,0,0,0,0,0,0,0,3,0,0,0,0,0,0,0,0,0,0,0,0,0,0,0,0,0,0,0,0,0,0,0,0,0,0,0,0,0
hsa-miR-548au-5p,69,0,17,0,45,67,0,0,190,69,0,8,18,0,0,0,64,0,103,0,39,15,42,0,0,0,0,0,0,0,0,0,0,0,0,0,0,0,0
hsa-miR-548av-5p,0,42,55,8,39,24,7,0,33,3,0,6,3,0,0,0,32,7,54,0,0,0,12,8,0,0,0,0,0,0,0,0,0,4,0,0,0,0,0
hsa-miR-548ax,0,30,0,0,0,0,0,0,34,11,0,0,0,0,0,0,0,0,0,0,3,0,0,0,0,0,0,0,0,0,0,0,0,0,0,0,0,0,0
hsa-miR-548b-5p,0,0,0,0,0,0,0,0,0,0,0,0,0,0,0,0,0,0,16,0,0,0,0,0,0,0,0,0,0,0,0,0,0,0,0,0,0,0,0
hsa-miR-548ba,0,0,0,0,2,0,0,0,0,0,0,0,0,0,0,0,0,0,0,0,0,0,0,0,0,0,0,0,0,0,0,0,0,0,0,0,0,0,0
hsa-miR-548e-5p,0,17,12,59,29,0,0,0,0,17,6,3,12,0,7,3,75,24,102,3,5,0,20,10,0,0,5,1,0,0,0,0,1,0,0,0,0,4,0
hsa-miR-548j-3p,0,0,0,0,0,0,0,0,0,2,0,0,0,0,0,0,0,0,0,0,0,0,0,0,0,0,0,0,0,0,0,0,0,0,0,0,0,0,0
hsa-miR-548l,0,0,0,0,0,3,0,0,0,0,0,0,0,0,0,0,0,0,0,0,0,0,0,0,0,0,0,0,0,0,0,0,0,0,0,0,0,0,0
hsa-miR-549a,0,0,0,8,0,0,0,0,0,0,0,0,0,0,0,0,1,3,0,0,0,0,3,0,0,0,0,0,0,0,0,0,0,0,0,0,0,0,0
hsa-miR-550a-3-5p,18,5,1,21,6,17,0,0,10,5,17,27,44,8,23,31,9,0,0,53,48,34,27,35,0,0,3,13,0,0,0,8,0,0,0,0,0,1,0
hsa-miR-550b-2-5p,0,1,0,0,4,0,0,0,0,0,0,0,0,0,0,0,0,0,0,0,0,0,0,0,0,0,0,0,0,0,0,0,0,0,0,0,0,0,0
hsa-miR-551a,0,0,0,0,0,1,0,0,0,0,0,0,4,0,2,0,0,0,0,0,0,0,0,0,0,0,0,0,0,0,0,0,0,0,0,0,0,0,0
hsa-miR-551b-5p,0,0,0,0,0,1,0,0,0,0,0,0,0,0,0,0,0,0,0,0,2,0,0,0,0,0,0,0,0,0,0,0,0,0,0,0,0,0,0
hsa-miR-556-5p,0,5,0,6,0,1,0,0,4,0,0,0,0,0,0,0,5,0,5,0,0,0,0,0,0,0,0,0,0,0,0,0,0,0,0,0,0,0,0
hsa-miR-5571-5p,0,0,0,0,0,0,0,0,0,0,0,0,0,0,5,0,0,0,0,0,5,0,0,0,0,0,0,0,0,0,0,0,0,0,0,0,0,0,0
hsa-miR-5581-5p,0,0,0,3,1,0,0,0,0,1,0,0,0,0,0,0,0,0,0,0,0,0,0,0,0,0,0,0,0,0,0,0,0,0,0,0,0,0,0
hsa-miR-5582-5p,0,0,0,0,0,0,0,0,0,0,0,0,3,0,0,0,0,0,0,0,0,0,0,0,0,0,0,0,0,0,0,0,0,0,0,0,0,0,0
hsa-miR-5586-5p,0,4,0,0,0,0,0,0,0,0,0,0,0,0,0,0,0,0,0,0,0,0,0,0,0,0,0,0,0,0,0,0,0,0,0,0,0,0,0
hsa-miR-5587-5p,9,5,0,0,0,1,0,0,0,0,0,0,1,0,0,0,0,0,0,0,2,0,0,0,0,0,0,0,0,0,0,0,0,0,0,0,0,0,0
hsa-miR-5588-5p,9,4,3,27,7,4,0,0,0,2,0,0,3,7,0,2,1,0,11,0,13,0,0,0,0,0,0,0,0,0,0,0,0,0,6,0,0,0,0
hsa-miR-5589-5p,0,0,0,0,0,0,0,0,0,0,0,0,9,0,0,0,0,0,0,0,0,0,0,0,0,0,0,0,0,0,0,0,0,0,0,0,0,0,0
hsa-miR-559,0,0,0,0,0,0,0,0,0,0,0,0,0,0,0,0,0,0,3,0,0,0,0,0,0,0,0,0,0,0,0,0,0,0,0,0,0,0,0
hsa-miR-561-5p,0,0,0,0,0,0,0,0,0,0,0,0,0,0,0,3,0,0,0,0,0,0,0,0,0,0,0,0,0,0,0,0,0,0,0,0,0,0,0
hsa-miR-5680,0,0,0,0,0,0,0,0,0,0,0,0,0,0,0,0,0,0,3,0,0,0,0,0,0,0,0,0,0,0,0,0,0,0,0,0,0,0,0
hsa-miR-5683,0,0,0,0,0,0,0,0,0,0,0,0,0,0,0,0,0,0,11,0,0,0,6,3,0,0,0,0,0,0,0,0,0,0,0,4,0,0,0
hsa-miR-5696,0,0,0,0,0,0,0,0,0,0,0,2,0,0,0,0,0,0,4,0,0,0,0,0,0,0,0,0,0,0,0,0,0,0,0,0,0,0,0
hsa-miR-5697,0,0,0,0,0,0,0,0,2,0,0,0,0,0,0,0,0,0,0,0,0,0,0,0,0,0,0,0,0,0,0,0,0,0,0,0,0,0,0
hsa-miR-5699-5p,0,0,0,0,0,0,0,0,0,0,0,0,0,0,0,0,0,0,0,0,0,2,2,0,0,0,0,0,0,0,0,0,0,0,0,0,0,0,0
hsa-miR-5700,0,0,0,0,0,0,0,0,0,0,0,0,0,0,0,0,0,0,2,0,0,0,0,0,0,0,0,0,0,0,0,0,0,0,0,0,0,0,0
hsa-miR-5706,0,0,0,2,0,0,0,0,0,0,0,0,0,0,7,0,0,0,4,0,3,0,0,0,0,0,0,0,0,0,0,0,0,0,0,0,0,0,0
hsa-miR-574-5p,0,48,35,43,46,0,0,0,0,0,0,0,0,9,0,0,33,0,0,17,0,24,25,41,0,0,0,16,0,0,0,0,0,0,0,8,0,0,0
hsa-miR-576-5p,16,20,8,0,23,15,0,0,17,15,0,5,7,9,0,0,33,0,74,3,28,24,29,14,0,0,0,0,0,0,0,0,0,0,0,6,1,0,0
hsa-miR-577,0,0,0,0,0,2,0,0,0,0,0,0,9,0,0,0,1,0,7,0,0,0,3,0,0,0,0,0,0,0,0,0,0,0,0,0,0,0,0
hsa-miR-578,6,0,3,0,0,0,0,0,0,0,0,0,0,8,0,0,0,0,0,0,0,0,0,0,0,0,0,0,0,0,0,0,0,0,0,0,0,0,0
hsa-miR-579-5p,3,0,4,0,0,0,0,0,0,0,0,0,0,0,0,0,0,0,0,0,0,0,0,0,0,0,0,0,0,0,0,0,0,0,0,0,0,0,0
hsa-miR-580-5p,0,0,0,0,1,1,0,0,0,0,0,0,0,0,0,0,0,0,1,0,0,0,0,0,0,0,0,0,0,0,0,0,0,0,0,0,0,0,0
hsa-miR-582-5p,54,0,4,11,0,27,0,0,0,0,0,0,5,0,0,4,18,6,108,0,6,8,32,6,0,0,0,0,0,0,0,0,0,0,0,0,0,0,0
hsa-miR-584-5p,1893,6582,2732,2002,3155,5000,76,138,11480,4985,87,418,1501,259,103,133,2981,36,1794,101,1659,2208,1437,1825,114,171,210,241,23,10,2,66,5,48,49,33,24,45,1
hsa-miR-589-5p,232,194,164,132,169,64,10,7,162,53,19,44,219,15,92,59,207,89,445,72,485,197,303,80,3,5,6,6,12,0,0,8,0,5,0,0,0,9,0
hsa-miR-590-5p,0,0,0,0,0,1,0,0,2,0,0,0,0,0,0,0,0,0,6,0,0,3,0,0,0,0,0,0,0,0,0,0,0,0,0,0,0,0,0
hsa-miR-592,0,0,0,0,0,0,0,0,3,0,0,0,3,0,4,0,0,0,6,0,13,0,6,0,0,0,0,0,0,0,0,0,0,0,0,0,0,0,0
hsa-miR-599,0,0,5,0,0,0,0,0,0,0,0,2,0,0,0,0,0,0,0,0,5,0,3,0,0,0,0,0,0,0,0,0,0,0,0,0,0,0,0
hsa-miR-605-5p,0,0,0,0,0,0,0,0,0,0,0,0,0,0,0,0,1,0,0,0,0,0,0,0,0,0,0,0,0,0,0,0,0,0,0,0,0,0,0
hsa-miR-607,0,0,0,0,0,0,0,0,0,0,0,0,0,0,0,0,0,0,4,0,0,0,0,0,0,0,0,0,0,0,0,0,0,0,0,0,0,0,0
hsa-miR-6087,0,0,0,0,0,0,0,0,0,0,0,0,0,0,0,0,0,0,0,0,0,0,0,0,0,0,0,0,0,0,0,0,0,0,0,0,0,0,1
hsa-miR-610,3,0,0,0,0,0,0,0,7,0,0,9,0,0,0,0,0,0,3,0,0,0,5,0,1,0,0,0,0,0,0,0,0,0,0,0,0,0,0
hsa-miR-615-5p,0,0,0,1,7,1,0,0,0,0,0,2,3,0,0,0,5,0,1,0,5,1,0,0,0,0,0,0,0,0,0,0,0,0,0,0,0,0,0
hsa-miR-616-5p,2,0,4,0,2,3,0,0,0,2,0,0,5,0,7,4,0,3,26,3,13,19,3,0,0,0,0,0,0,0,0,0,0,0,0,0,8,0,0
hsa-miR-618,0,0,0,9,0,1,0,0,0,0,0,0,0,0,2,0,0,0,0,0,0,8,0,0,0,0,0,0,0,0,0,0,0,0,0,0,0,0,0
hsa-miR-619-5p,0,0,0,0,0,2,0,0,6,3,0,0,0,0,0,0,0,5,14,0,0,0,2,0,0,0,0,1,0,7,0,0,0,0,0,0,0,0,0
hsa-miR-624-5p,0,0,0,0,0,1,0,0,0,0,0,0,0,0,0,0,2,0,3,0,0,0,0,0,0,0,0,0,0,0,0,0,0,0,0,0,0,0,0
hsa-miR-625-5p,54,154,94,35,82,21,0,0,290,15,0,4,19,7,0,15,27,11,70,0,26,22,54,16,0,0,0,4,0,0,0,0,0,0,0,0,0,0,0
hsa-miR-627-5p,21,11,24,7,11,0,0,0,8,10,0,10,11,0,0,5,26,11,35,5,23,15,27,8,0,0,0,0,0,0,0,1,0,0,0,0,0,0,0
hsa-miR-628-5p,86,48,41,9,62,66,0,0,130,59,0,11,22,0,7,5,41,0,150,3,70,34,64,8,0,0,5,10,0,0,0,0,0,4,3,0,0,0,0
hsa-miR-629-5p,55,13,4,8,2,0,0,0,34,15,0,4,30,0,4,0,2,12,52,0,31,0,10,6,0,4,0,0,0,0,0,0,0,6,0,0,0,0,0
hsa-miR-636,0,0,0,0,0,0,0,0,14,14,0,38,14,4,3,22,0,3,5,3,0,1,18,19,13,7,0,9,0,0,0,28,0,0,0,0,0,0,0
hsa-miR-641,9,0,5,0,0,1,0,0,19,4,0,0,0,0,0,0,0,0,15,0,0,0,0,0,0,0,0,0,0,0,0,0,0,0,0,0,0,0,0
hsa-miR-642a-5p,0,0,0,0,0,0,0,0,0,0,0,1,0,0,0,0,0,0,37,0,0,0,4,3,0,0,0,0,0,0,0,0,0,0,0,0,0,0,0
hsa-miR-643,0,0,0,0,0,0,0,0,0,0,0,0,0,0,0,0,2,0,0,0,0,0,0,0,0,0,0,0,0,0,0,0,0,0,0,0,0,0,0
hsa-miR-6499-5p,0,19,9,44,19,2,38,8,3,21,48,15,8,25,6,14,13,8,0,17,5,0,9,51,9,11,5,14,33,15,3,9,18,27,3,11,13,25,1
hsa-miR-650,0,0,0,0,0,0,0,0,0,0,0,0,5,0,0,0,0,0,0,0,0,0,0,0,0,0,0,0,0,0,0,0,0,0,0,0,0,0,0
hsa-miR-6501-5p,0,0,0,0,0,1,0,0,0,0,0,0,2,0,4,0,0,0,11,0,0,3,0,0,0,0,0,0,0,0,0,0,0,0,0,0,0,0,0
hsa-miR-6502-5p,0,0,0,0,2,1,0,0,0,3,0,0,0,0,0,0,0,0,1,0,0,0,5,0,0,0,0,0,0,0,0,0,0,0,0,0,0,0,0
hsa-miR-6509-3p,3,0,0,0,0,1,0,0,4,0,0,0,0,0,0,0,0,0,4,0,0,7,3,3,0,0,0,0,0,0,0,0,0,7,0,0,0,0,0
hsa-miR-6509-5p,0,0,0,0,0,6,0,0,11,7,0,1,0,0,0,0,0,0,13,0,2,7,11,5,0,0,0,0,0,0,0,0,0,0,0,0,0,0,0
hsa-miR-651-5p,3,2,4,20,0,0,0,0,5,0,0,0,10,0,0,1,19,0,46,0,6,0,5,0,0,0,0,0,0,0,0,0,0,0,0,0,0,0,0
hsa-miR-6510-5p,0,0,0,0,0,0,0,0,0,0,0,0,0,0,0,0,5,0,0,0,0,0,0,0,0,0,0,0,0,0,0,0,0,0,0,0,0,0,0
hsa-miR-6511b-5p,0,22,0,20,22,6,0,0,53,0,0,0,0,0,0,14,5,4,0,0,34,0,0,6,0,1,0,14,0,0,0,4,0,0,3,0,0,0,0
hsa-miR-6512-5p,0,0,0,0,0,0,0,0,0,0,0,2,0,0,0,0,0,0,0,0,0,2,0,0,0,0,0,0,0,0,0,0,0,0,0,0,0,0,0
hsa-miR-6513-3p,0,0,0,0,1,0,0,0,0,0,0,0,1,0,0,0,3,0,3,0,0,6,0,0,0,0,0,0,0,0,0,0,0,0,0,0,0,0,0
hsa-miR-6513-5p,0,7,0,0,1,0,0,0,0,0,0,0,1,0,0,0,3,0,3,0,0,6,0,0,0,0,0,0,0,0,0,0,0,0,0,0,0,0,0
hsa-miR-6515-5p,0,0,0,0,7,0,0,0,5,8,0,6,0,0,0,0,0,0,0,0,3,0,0,0,0,0,0,0,0,0,0,0,0,0,0,0,0,0,0
hsa-miR-6516-5p,0,0,2,0,0,0,0,0,2,1,0,0,0,0,0,0,0,0,0,0,0,0,0,0,0,0,0,0,0,0,0,0,0,0,0,0,0,0,0
hsa-miR-652-5p,1642,124,406,475,196,276,28,0,538,165,37,389,1027,173,1079,227,297,147,1674,170,2000,490,1394,383,13,18,52,52,7,0,2,27,13,45,0,0,0,45,0
hsa-miR-653-5p,0,0,0,0,0,0,0,0,0,0,0,0,0,0,0,0,8,0,0,0,0,0,0,0,0,0,0,0,0,0,0,0,0,0,0,0,0,0,0
hsa-miR-654-5p,29,188,513,20,157,189,0,0,356,246,7,6,12,0,0,7,312,0,17,11,21,54,22,46,0,0,0,0,0,0,0,1,0,0,0,9,1,0,0
hsa-miR-656-5p,0,0,7,0,5,3,0,0,3,4,0,0,0,0,0,0,2,0,0,0,0,0,0,0,0,0,0,0,0,0,0,0,0,0,0,0,0,0,0
hsa-miR-659-5p,0,0,0,0,6,3,0,0,0,2,0,0,4,0,0,0,5,0,4,0,0,3,2,0,0,0,0,0,0,0,0,0,0,0,0,0,0,0,0
hsa-miR-660-5p,238,84,95,398,140,160,3,7,328,93,29,165,321,96,1077,82,264,441,1235,45,668,236,571,103,12,9,26,6,7,1,4,6,0,6,0,0,0,4,0
hsa-miR-664a-5p,0,3,3,8,16,20,0,1,0,2,0,0,1,0,4,1,20,10,0,0,0,0,29,2,0,0,0,0,0,0,0,0,0,0,0,0,0,0,0
hsa-miR-664b-3p,0,0,0,0,0,1,0,0,0,0,0,0,0,0,0,0,0,0,0,0,0,0,0,0,0,0,0,0,0,0,0,0,0,0,0,0,0,0,0
hsa-miR-664b-5p,13,1,0,0,0,0,0,0,0,0,0,0,0,0,0,0,1,0,4,0,0,0,5,0,0,0,0,2,0,0,0,0,0,0,0,0,0,0,0
hsa-miR-665,0,0,0,0,7,0,0,0,0,0,0,0,0,0,0,0,1,0,8,0,0,0,0,0,0,0,0,0,0,0,0,0,0,0,0,0,0,0,0
hsa-miR-668-5p,0,2,9,0,2,1,0,0,7,0,0,0,0,2,0,0,0,0,0,0,0,0,0,0,0,0,0,1,0,0,0,0,0,0,0,0,0,0,0
hsa-miR-671-5p,42,165,140,39,246,74,7,0,110,87,8,13,102,21,0,24,105,11,110,20,27,60,48,99,0,0,0,27,0,0,0,21,1,0,5,0,0,2,0
hsa-miR-6715a-3p,0,0,0,0,0,0,0,0,0,0,0,0,0,0,0,0,0,0,4,0,0,0,5,0,0,0,0,0,0,0,0,0,0,0,0,0,0,0,0
hsa-miR-6716-5p,0,0,0,0,0,0,0,0,0,0,0,3,0,0,0,0,0,0,0,0,0,0,0,0,0,0,0,0,0,0,0,0,0,0,0,0,0,0,0
hsa-miR-6721-5p,0,0,0,0,2,0,0,0,0,0,0,0,0,0,0,0,0,0,0,0,0,0,0,0,0,0,0,0,0,0,0,0,0,0,0,0,0,0,0
hsa-miR-6724-5p,0,0,0,0,0,0,0,0,0,0,0,0,0,0,0,0,0,0,0,0,0,0,0,0,0,0,0,0,0,0,0,0,0,0,0,0,0,6,0
hsa-miR-6727-5p,0,0,0,4,0,0,0,0,3,0,0,0,0,0,0,0,0,0,0,0,0,0,0,0,0,0,0,0,0,0,0,0,0,0,0,0,0,0,0
hsa-miR-6729-5p,8,0,0,0,0,0,0,0,0,0,0,0,0,0,0,0,0,0,2,0,0,0,0,0,0,0,0,0,0,0,0,0,0,0,0,0,0,0,0
hsa-miR-6730-5p,0,0,0,0,0,0,0,0,0,0,0,0,0,0,0,0,0,0,0,0,0,5,3,0,0,0,0,0,0,0,0,0,0,0,0,0,0,0,0
hsa-miR-6732-5p,0,0,0,0,0,0,0,0,5,0,0,0,0,0,0,0,0,0,0,0,0,3,0,0,0,0,0,0,0,0,0,0,0,0,0,0,0,0,0
hsa-miR-6733-5p,0,0,0,0,0,0,0,0,0,0,0,0,0,0,0,0,0,0,7,0,0,0,0,0,0,0,0,0,0,0,0,0,0,0,0,0,0,0,0
hsa-miR-6734-3p,0,0,0,0,0,0,0,0,0,0,0,0,0,0,3,0,0,0,0,0,0,0,0,0,0,0,0,0,0,0,0,0,0,0,0,0,0,0,0
hsa-miR-6734-5p,0,0,0,0,0,0,0,0,0,0,0,0,0,0,3,0,0,0,0,0,6,0,0,0,0,0,8,0,0,0,0,0,0,5,0,0,0,0,0
hsa-miR-6735-5p,7,20,0,0,2,0,0,5,9,0,0,5,17,4,0,4,8,0,7,0,2,11,0,0,0,0,8,5,0,0,0,0,0,0,0,0,0,0,0
hsa-miR-6737-5p,0,0,0,0,3,6,0,0,0,0,0,5,0,0,0,0,3,0,0,0,0,9,0,0,0,0,0,0,0,0,0,0,0,0,0,0,0,0,0
hsa-miR-6738-5p,0,0,0,0,4,0,0,0,0,0,0,0,0,0,0,0,0,0,0,0,0,0,0,0,0,0,0,0,0,0,0,0,0,0,0,0,0,0,0
hsa-miR-6739-5p,0,0,0,0,0,0,0,0,0,0,0,0,0,0,0,0,0,0,0,0,0,0,6,0,0,0,0,0,0,0,0,0,0,0,0,0,0,0,0
hsa-miR-6741-5p,0,31,1,6,4,4,0,0,66,52,0,0,5,0,0,3,9,0,0,1,0,2,0,6,4,0,12,2,0,0,0,0,0,0,0,0,0,0,0
hsa-miR-6746-5p,0,0,0,0,0,0,0,0,4,0,0,0,0,0,0,0,0,0,0,0,0,0,0,0,0,0,0,0,0,0,0,0,0,0,0,0,0,0,0
hsa-miR-6747-5p,0,0,0,0,0,3,0,0,3,0,0,0,0,0,0,0,1,0,0,0,0,0,0,2,0,0,0,0,0,0,0,0,0,0,0,0,0,0,0
hsa-miR-6748-5p,0,0,0,0,0,0,0,0,2,0,0,0,0,0,0,0,0,0,0,0,0,0,0,0,0,0,0,0,0,0,0,0,0,0,0,0,0,0,0
hsa-miR-6749-3p,0,0,0,0,0,0,0,0,0,0,0,0,8,0,0,0,0,0,0,0,0,0,0,0,0,0,0,0,0,0,0,3,0,0,0,0,0,0,0
hsa-miR-675-3p,0,0,0,0,0,0,0,0,0,0,0,3,4,0,0,0,0,0,0,0,0,0,0,1,0,0,0,0,0,0,0,0,0,0,0,0,0,0,0
hsa-miR-675-5p,0,0,0,0,0,0,0,0,0,0,0,3,4,0,0,0,0,0,0,0,0,0,0,1,0,0,0,0,0,0,0,0,0,0,0,0,0,0,0
hsa-miR-6750-5p,0,0,0,0,0,0,0,0,0,0,0,0,0,0,0,5,0,0,0,0,0,0,0,3,0,0,0,0,0,0,0,0,0,0,0,0,0,0,0
hsa-miR-6753-5p,0,0,0,0,3,0,0,0,0,0,0,0,0,0,0,0,0,0,0,0,0,0,0,0,0,0,0,0,0,0,0,0,0,0,0,0,0,0,0
hsa-miR-6754-5p,0,0,0,0,3,1,0,0,0,0,0,0,0,0,0,0,0,0,0,0,0,0,0,0,0,0,0,0,0,0,2,0,0,0,0,0,0,0,0
hsa-miR-6758-5p,0,0,0,9,0,0,0,0,2,0,0,0,0,0,0,0,2,0,0,0,0,0,0,0,0,0,0,0,0,0,0,0,0,0,0,0,0,0,0
hsa-miR-676-5p,0,0,0,0,0,0,0,0,0,0,0,0,2,0,0,0,0,0,0,0,0,0,0,0,0,0,0,0,0,0,0,0,0,0,0,0,0,0,0
hsa-miR-6762-3p,0,0,0,0,0,1,0,0,0,0,0,0,0,0,0,0,0,0,0,0,0,3,0,0,0,0,0,0,0,0,0,0,0,0,0,0,0,0,0
hsa-miR-6762-5p,0,0,0,0,0,1,0,0,0,0,0,0,0,0,0,0,0,0,0,0,0,3,0,0,0,0,0,0,0,0,0,0,0,0,0,0,0,0,0
hsa-miR-6763-5p,0,0,0,0,0,0,0,0,0,0,0,0,0,6,0,0,4,0,0,0,0,0,0,0,0,0,9,0,0,0,0,0,0,0,0,0,0,0,0
hsa-miR-6764-5p,0,0,0,0,0,2,0,0,0,0,0,0,0,0,0,0,0,0,0,0,0,0,0,0,0,0,0,0,0,0,0,0,0,0,0,0,0,0,0
hsa-miR-6769b-5p,0,0,0,0,0,0,0,0,0,0,0,0,0,0,0,6,0,0,0,0,0,0,0,0,0,0,0,0,0,0,0,0,0,0,0,0,0,0,0
hsa-miR-6770-5p,0,6,0,0,2,1,0,0,3,0,0,6,0,0,0,0,0,0,0,0,0,6,0,0,0,0,0,0,0,0,0,0,0,0,0,0,0,0,0
hsa-miR-6775-5p,0,0,0,0,3,0,0,0,4,0,0,0,5,0,0,0,3,0,0,0,0,0,0,0,0,0,0,0,0,0,0,0,0,0,0,0,0,1,0
hsa-miR-6779-5p,0,0,0,0,2,0,0,0,2,0,0,0,0,0,0,0,0,2,0,0,0,0,0,0,0,0,0,0,0,0,0,0,0,0,0,0,0,0,0
hsa-miR-6781-5p,0,0,0,0,0,0,0,0,0,0,0,0,4,0,0,0,0,4,0,0,6,0,0,4,0,0,0,0,0,0,0,0,0,0,0,0,0,0,0
hsa-miR-6782-5p,0,0,0,8,0,0,0,0,0,0,0,0,0,0,0,0,0,0,0,0,0,0,0,0,0,0,0,0,0,0,0,0,0,0,0,0,0,0,0
hsa-miR-6786-5p,0,3,0,3,2,0,0,0,0,0,0,0,0,0,0,0,0,0,0,0,0,0,0,0,0,0,0,0,0,0,0,0,0,0,0,0,0,0,0
hsa-miR-6791-5p,0,0,4,0,0,0,0,0,2,4,0,0,0,0,0,0,0,0,0,0,0,0,0,0,0,0,0,0,0,0,0,4,0,0,0,0,0,0,0
hsa-miR-6793-5p,0,0,0,0,0,0,0,0,0,0,0,0,0,0,0,0,0,0,0,0,0,4,0,0,0,0,0,0,0,0,0,0,0,0,0,0,0,0,0
hsa-miR-6795-5p,10,6,22,0,9,2,6,0,2,1,27,12,3,0,5,4,2,11,0,0,5,0,6,0,0,18,14,0,13,0,2,2,4,0,15,0,13,6,2
hsa-miR-6800-5p,0,0,0,0,0,0,0,0,2,0,0,0,0,0,0,0,0,0,0,0,0,0,0,0,0,0,0,0,0,0,0,0,0,0,0,0,0,0,0
hsa-miR-6802-5p,0,0,0,0,1,0,0,0,2,4,0,0,0,0,0,0,0,0,0,0,0,0,0,0,0,0,0,0,0,0,0,0,0,0,0,0,0,0,0
hsa-miR-6803-5p,0,6,0,0,0,0,0,0,0,0,0,2,7,0,1,0,0,0,0,4,0,0,0,6,0,0,0,1,0,0,0,0,0,0,0,0,0,0,0
hsa-miR-6805-5p,0,0,0,0,0,0,0,0,4,3,0,1,4,0,0,0,0,0,0,0,7,0,0,0,0,0,0,0,0,0,0,0,0,0,0,0,0,0,0
hsa-miR-6807-5p,0,0,0,0,0,1,0,0,0,0,0,0,7,0,0,0,0,0,0,0,0,0,0,0,0,0,0,0,0,0,0,0,0,0,0,0,0,0,0
hsa-miR-6812-5p,0,0,0,0,0,0,0,0,6,0,0,0,0,0,2,0,0,0,0,0,0,0,0,0,0,0,0,0,0,0,0,0,0,0,0,0,0,0,0
hsa-miR-6813-5p,0,0,0,0,2,8,0,0,12,11,0,0,1,0,0,0,0,0,7,0,0,0,0,0,0,0,0,0,0,0,0,0,0,0,0,0,0,0,0
hsa-miR-6815-5p,0,0,0,0,0,0,0,0,0,0,0,0,3,0,3,2,0,0,5,0,10,0,6,0,0,0,0,0,0,0,0,0,0,4,2,0,0,0,0
hsa-miR-6816-5p,2,1,0,0,0,0,0,0,3,5,0,2,3,0,0,0,1,0,0,4,0,0,0,0,0,0,0,0,0,0,0,0,0,0,0,0,0,0,0
hsa-miR-6817-5p,0,0,8,0,0,0,0,0,0,4,0,0,0,0,0,0,1,0,0,0,5,0,2,0,0,0,0,0,0,0,0,0,0,0,0,0,0,0,0
hsa-miR-6819-5p,0,9,0,4,11,0,0,0,27,5,0,0,0,0,0,0,2,0,0,0,0,1,0,0,0,0,6,0,0,0,0,0,0,0,0,0,0,0,0
hsa-miR-6821-5p,0,0,0,7,0,0,0,0,0,0,0,0,0,0,0,0,0,0,0,0,0,0,0,0,0,0,0,0,0,0,0,0,0,0,0,0,0,0,0
hsa-miR-6824-5p,0,0,0,0,0,0,0,0,0,0,0,0,0,0,0,0,2,0,0,0,0,0,2,0,0,0,0,0,0,0,0,0,0,0,0,0,0,0,0
hsa-miR-6827-5p,0,0,0,0,0,0,0,0,0,0,0,0,0,0,0,0,1,0,0,0,0,0,0,0,0,0,0,0,0,0,0,0,0,0,0,0,0,0,0
hsa-miR-6828-3p,0,0,0,0,0,0,0,4,0,0,0,0,0,0,0,0,0,0,0,0,0,0,0,0,0,0,0,0,0,0,0,0,0,0,0,0,0,0,0
hsa-miR-6832-5p,0,0,0,0,0,0,0,0,4,0,0,0,0,0,0,0,0,0,0,0,0,0,0,0,0,0,0,0,0,0,0,0,0,0,0,0,0,0,0
hsa-miR-6834-3p,0,0,0,0,0,0,0,0,0,0,0,0,0,0,0,0,0,0,0,0,0,0,0,2,0,0,0,0,0,0,0,0,0,0,0,0,0,0,0
hsa-miR-6834-5p,0,0,0,0,0,0,0,0,0,0,0,0,0,0,0,0,0,0,0,0,0,0,0,2,0,0,0,0,0,0,0,0,0,0,0,0,0,0,0
hsa-miR-6837-5p,3,0,0,0,18,7,0,0,2,11,0,0,0,7,0,0,5,0,13,0,0,20,0,12,0,0,0,0,0,0,0,0,0,0,0,0,0,0,0
hsa-miR-6840-5p,0,0,0,0,6,0,2,0,6,0,0,0,3,0,0,2,0,0,5,0,0,0,0,0,0,0,0,0,0,0,0,5,0,0,0,0,0,0,0
hsa-miR-6842-3p,28,36,40,0,74,43,0,0,27,26,0,12,21,0,16,4,22,9,43,1,22,25,17,10,0,0,0,11,0,0,0,3,1,0,0,0,0,0,0
hsa-miR-6845-5p,0,0,0,0,0,0,0,0,0,0,0,0,0,0,0,0,0,0,0,0,9,0,0,0,0,0,0,0,0,0,0,0,0,0,0,0,0,0,0
hsa-miR-6850-5p,2,0,0,9,1,3,0,0,2,0,0,7,31,6,2,8,6,0,10,0,0,4,8,0,0,0,0,0,0,0,0,4,0,0,0,0,0,0,0
hsa-miR-6851-5p,0,0,0,0,0,0,5,0,0,0,0,0,0,0,0,0,0,0,0,0,0,0,0,0,0,0,0,4,0,0,0,0,0,0,0,0,0,0,0
hsa-miR-6852-5p,38,90,125,0,264,133,0,20,178,147,4,20,40,0,5,19,68,0,40,9,11,60,16,83,0,3,4,18,0,0,1,19,0,0,0,1,0,0,0
hsa-miR-6853-5p,0,0,0,0,3,0,0,0,0,0,0,0,0,0,0,0,0,0,0,0,0,1,0,0,0,0,0,0,0,0,0,0,0,0,0,0,0,0,0
hsa-miR-6857-5p,0,0,0,0,0,0,0,0,0,0,0,0,0,0,0,0,0,0,3,0,0,0,0,0,0,0,0,0,0,0,0,0,0,0,0,0,0,0,0
hsa-miR-6861-5p,0,0,0,0,0,0,0,0,0,0,0,1,0,0,0,0,0,0,0,0,0,0,0,0,0,0,0,0,0,0,0,0,0,0,0,0,0,0,0
hsa-miR-6866-5p,2,0,8,0,4,0,0,0,3,1,0,0,0,0,0,0,2,0,8,0,2,0,0,0,0,0,0,0,0,0,0,0,0,0,0,0,0,0,0
hsa-miR-6869-5p,0,0,0,6,0,0,0,0,0,0,0,0,0,0,0,0,0,3,0,0,0,0,0,0,0,0,0,0,0,0,0,0,0,0,0,0,0,0,0
hsa-miR-6873-5p,0,0,0,0,0,1,0,0,0,0,0,0,0,0,0,0,0,0,0,0,0,0,0,0,0,0,0,0,0,0,0,0,0,0,0,0,0,0,0
hsa-miR-6879-3p,0,0,0,0,0,0,0,0,0,0,0,0,0,0,0,0,1,0,0,0,0,0,0,0,0,0,0,0,0,0,0,0,0,0,0,0,0,0,0
hsa-miR-6879-5p,0,0,0,0,0,0,0,0,0,0,0,0,0,0,0,0,1,0,0,0,0,0,0,0,0,0,0,0,0,0,0,0,0,0,0,0,0,0,0
hsa-miR-6881-5p,0,0,0,0,10,3,0,0,0,0,0,0,0,0,0,0,0,0,0,0,0,0,0,0,0,0,0,0,0,0,0,0,0,0,0,0,0,0,0
hsa-miR-6882-5p,0,0,0,0,0,0,0,0,0,0,0,0,0,0,0,0,0,0,0,0,0,0,2,0,0,0,0,0,0,0,0,0,0,0,0,0,0,0,0
hsa-miR-6885-3p,0,0,0,0,0,0,0,0,7,0,0,0,0,0,0,0,0,0,0,0,0,0,0,0,0,0,0,0,0,0,0,0,0,0,0,0,0,0,0
hsa-miR-6885-5p,0,0,0,0,0,0,0,0,7,0,0,0,0,0,0,0,0,0,0,0,0,0,0,0,0,0,0,0,0,0,0,0,0,0,0,0,0,0,0
hsa-miR-6886-5p,0,0,0,0,0,1,0,0,0,0,0,0,0,0,0,0,0,0,0,0,0,0,0,0,0,0,0,0,0,0,0,0,0,0,0,0,0,0,0
hsa-miR-6891-5p,0,0,0,0,0,0,0,0,0,0,0,2,0,0,0,0,0,4,0,0,7,0,7,0,0,0,0,0,0,0,0,0,0,0,0,0,0,0,0
hsa-miR-6894-5p,0,0,0,0,0,0,0,0,0,0,0,0,0,0,0,0,0,0,6,0,0,0,0,0,0,0,0,0,0,0,0,0,0,0,0,0,0,0,0
hsa-miR-6895-5p,0,0,4,0,0,0,0,0,0,0,0,0,0,0,0,0,0,0,0,0,0,0,0,0,0,0,0,0,0,0,0,0,0,0,0,0,0,0,0
hsa-miR-7-5p,26,0,0,7,4,1,0,0,0,2,0,0,15,0,0,0,0,0,26,0,7,0,9,0,0,0,0,0,0,0,0,0,0,0,0,0,0,0,0
hsa-miR-708-5p,0,0,0,0,0,0,0,0,0,0,0,0,0,0,0,0,0,15,0,0,0,0,0,0,0,0,0,0,0,0,0,0,0,0,0,0,0,0,0
hsa-miR-7110-3p,0,0,0,0,12,0,0,0,0,0,0,0,0,0,0,0,0,0,0,0,0,0,0,0,0,0,0,0,0,0,0,0,0,0,0,0,0,0,0
hsa-miR-7110-5p,0,0,0,0,12,0,0,0,2,0,0,0,0,0,0,0,0,0,0,0,0,0,0,0,0,0,0,0,0,0,0,0,0,0,0,0,0,0,0
hsa-miR-7151-5p,0,0,0,0,0,0,0,0,0,0,0,0,0,0,0,0,0,0,0,0,7,0,2,0,0,0,0,0,0,0,0,0,0,0,0,0,0,0,0
hsa-miR-7152-5p,0,0,0,0,0,0,0,0,0,0,0,0,0,0,1,0,0,0,0,0,0,2,0,0,0,0,0,0,0,0,0,0,0,0,0,0,0,0,0
hsa-miR-7155-5p,0,0,0,0,0,0,0,0,0,0,0,0,0,0,0,2,2,0,0,0,3,7,0,0,0,0,0,1,0,0,0,0,0,0,0,0,0,0,0
hsa-miR-758-5p,0,4,12,6,1,4,0,0,3,5,0,0,0,0,0,0,12,0,0,0,0,4,0,0,0,0,0,0,0,0,0,0,0,0,0,0,0,0,0
hsa-miR-760,83,9,0,16,30,22,3,24,67,29,0,25,36,13,61,9,4,17,32,4,24,17,9,3,13,10,9,22,3,1,0,33,0,60,1,0,0,0,0
hsa-miR-766-5p,23,30,0,4,0,43,0,0,25,8,0,4,10,0,0,0,0,2,0,0,0,0,0,6,0,0,3,0,0,0,0,0,0,0,0,0,0,0,0
hsa-miR-769-5p,96,126,99,100,285,126,7,0,215,74,19,39,143,60,66,51,188,73,523,107,124,257,226,135,5,0,4,10,3,0,0,8,0,0,0,0,4,5,1
hsa-miR-7702,48,0,0,6,11,2,0,0,2,7,0,0,0,0,4,0,0,48,3,0,0,0,9,0,0,0,0,0,0,0,0,1,0,0,0,0,0,0,0
hsa-miR-7703,0,0,0,0,0,0,0,0,0,0,0,4,0,0,0,1,0,0,0,0,0,0,0,0,0,0,0,0,0,0,0,0,0,0,0,0,0,0,0
hsa-miR-7704,0,0,0,0,0,0,0,0,0,0,0,0,0,0,0,0,0,0,0,0,0,0,3,0,0,0,0,0,0,0,0,0,0,0,0,0,0,0,0
hsa-miR-7705,0,0,3,0,0,3,0,0,0,0,0,0,6,0,6,0,3,0,10,0,2,2,9,0,0,0,0,0,0,0,0,0,0,0,0,0,0,0,0
hsa-miR-7706,104,12,16,18,75,53,23,7,54,18,18,104,182,96,51,122,41,34,180,45,134,74,74,98,0,14,0,24,0,0,1,39,0,0,0,0,0,15,0
hsa-miR-7848-3p,0,0,2,0,0,1,0,0,0,0,0,0,0,0,0,0,0,0,5,0,0,0,0,0,0,0,0,0,0,0,0,0,0,0,0,0,0,0,0
hsa-miR-7849-3p,3,5,12,0,12,13,0,0,27,9,0,0,0,0,0,0,10,0,0,0,6,7,3,6,0,0,0,0,0,6,0,0,0,0,0,0,0,0,0
hsa-miR-7850-5p,0,0,0,0,0,4,0,3,0,0,0,0,0,0,0,0,0,0,7,0,0,0,0,0,0,0,0,0,0,0,0,0,0,0,0,0,0,0,0
hsa-miR-7853-5p,0,0,0,0,0,0,0,0,0,0,0,0,0,0,0,0,0,0,0,0,0,3,0,0,0,0,0,0,0,0,0,0,0,0,0,0,0,0,0
hsa-miR-7854-3p,0,3,0,0,0,2,0,0,0,7,0,0,6,0,12,0,5,0,8,0,0,0,0,0,0,0,0,0,0,0,0,0,0,0,0,0,0,0,0
hsa-miR-7856-5p,0,5,0,3,0,1,0,0,0,0,0,0,0,0,0,0,0,0,0,0,0,0,0,0,0,0,0,0,0,0,0,0,0,0,0,0,0,0,0
hsa-miR-7974,0,0,0,0,0,0,0,0,0,0,0,1,4,0,0,0,0,0,20,0,0,0,0,0,0,0,0,0,0,0,0,0,0,0,0,0,0,0,0
hsa-miR-7976,0,0,4,0,0,0,0,0,0,0,0,1,9,4,0,0,12,0,24,0,21,13,10,6,0,0,0,0,0,0,0,1,0,0,0,0,0,0,0
hsa-miR-8061,0,0,0,0,0,0,0,0,0,0,0,0,0,0,0,0,0,0,0,0,0,0,0,0,0,0,13,0,0,0,0,0,0,0,0,0,0,0,0
hsa-miR-8072,0,0,0,0,1,0,0,0,7,0,0,0,0,0,0,0,1,0,0,0,0,0,0,0,0,0,0,2,0,0,0,0,0,0,0,0,0,0,0
hsa-miR-8085,0,0,0,0,0,0,0,0,0,0,0,0,0,0,0,0,0,0,0,6,0,0,0,0,0,0,0,0,0,0,0,0,0,0,0,0,0,0,0
hsa-miR-873-5p,0,3,0,2,0,65,0,0,0,4,0,0,0,0,0,1,6,0,0,0,0,0,0,10,0,0,0,0,0,0,0,0,0,0,0,0,1,0,0
hsa-miR-874-5p,69,20,13,55,15,40,0,0,0,0,13,20,61,5,49,14,54,21,61,51,47,53,57,40,0,16,18,11,5,0,0,5,0,7,0,0,0,4,0
hsa-miR-875-5p,0,0,8,0,0,0,0,0,0,0,0,0,0,0,0,0,0,0,0,0,0,0,0,0,0,0,0,0,0,0,0,0,0,0,0,0,0,0,0
hsa-miR-877-5p,203,106,62,33,469,341,59,31,231,179,6,72,306,58,121,21,317,30,531,54,283,244,251,115,26,68,0,54,0,22,5,61,1,15,13,10,7,15,0
hsa-miR-885-5p,9,0,0,98,11,2,0,0,3,2,0,19,39,6,0,0,4,0,24,134,116,53,27,10,0,0,0,12,0,0,0,9,0,8,2,0,0,0,0
hsa-miR-887-3p,0,0,0,19,0,0,0,0,0,0,0,8,0,0,0,0,5,5,5,0,5,0,8,2,0,0,0,0,0,0,0,0,0,0,0,0,0,0,0
hsa-miR-887-5p,0,0,0,19,0,0,0,0,0,0,0,0,0,0,0,0,5,0,0,0,0,0,8,2,0,0,0,0,0,0,0,0,0,0,0,0,0,0,0
hsa-miR-889-5p,30,14,53,32,86,66,3,0,63,99,0,0,4,0,0,2,117,0,36,0,0,7,4,16,0,0,0,1,0,0,0,0,0,0,0,0,0,0,0
hsa-miR-891a-5p,0,0,0,0,0,0,0,0,0,0,0,0,0,0,0,0,0,0,0,0,6,7,0,0,0,0,0,0,0,0,0,0,0,0,0,0,0,0,0
hsa-miR-892a,0,0,0,0,0,0,0,0,0,0,0,0,0,0,0,0,1,0,0,0,0,0,0,0,0,0,0,0,0,0,0,0,0,0,0,0,0,0,0
hsa-miR-9-5p,10,5,14,3,1,0,0,7,8,4,0,0,0,0,0,0,0,7,3,0,0,2,0,0,2,0,0,0,0,0,0,0,0,0,0,0,0,0,0
hsa-miR-92a-1-5p,85812,40698,31528,44514,123158,90886,6459,5143,233886,0,11400,115720,543351,75131,18573,249437,58326,10743,166160,76663,351020,100054,197290,190740,15971,25764,37123,34987,2169,5543,744,38520,1606,5692,1852,2015,1805,9653,0
hsa-miR-92a-2-5p,84103,32503,24166,42825,113535,83640,6344,4983,218174,98343,11182,115054,539173,74192,18449,247830,55850,10647,162979,76016,349120,97934,195511,187280,15765,25444,36923,34510,2166,5486,739,38090,1597,5650,1805,1998,1783,9542,64
hsa-miR-92a-3p,0,0,24166,0,0,0,0,0,0,104711,0,0,0,0,0,0,0,0,0,0,0,0,0,0,0,0,0,0,0,0,0,0,0,0,0,0,0,0,64
hsa-miR-92b-5p,1079,803,552,637,2198,281,239,193,3892,803,55,762,2282,558,168,1653,1033,543,1208,478,2384,1467,1877,1543,296,304,568,590,17,75,4,424,33,79,29,58,18,79,2
hsa-miR-93-5p,375,815,756,312,649,596,0,14,890,589,34,194,416,25,76,162,385,43,1323,55,513,487,531,341,14,17,30,32,0,10,3,5,0,0,13,7,7,29,0
hsa-miR-933,0,0,0,0,0,0,0,0,0,0,0,0,0,0,0,0,0,0,1,0,0,0,0,0,0,0,0,0,0,0,0,0,0,0,0,0,0,0,0
hsa-miR-939-5p,0,0,0,0,0,2,0,0,19,2,0,5,0,6,0,0,0,0,0,0,0,3,0,4,3,0,0,8,0,0,0,0,0,0,0,5,0,5,0
hsa-miR-940,0,0,0,0,0,0,0,0,2,0,0,0,0,0,2,0,2,2,0,0,0,0,0,0,0,0,0,0,0,0,0,0,0,0,0,0,0,0,0
hsa-miR-942-5p,2,17,15,6,15,24,0,4,54,25,0,14,21,4,12,18,22,0,129,12,107,36,72,23,0,24,0,3,0,0,0,2,0,0,0,0,0,4,0
hsa-miR-943,0,0,5,0,0,2,0,0,0,0,0,0,0,0,0,3,0,0,0,7,0,0,0,0,0,0,0,0,0,0,0,0,0,0,0,0,0,0,0
hsa-miR-944,4,0,0,5,0,0,0,0,0,0,0,0,0,0,0,0,2,0,5,0,0,0,0,1,0,0,0,0,0,0,0,0,0,0,0,0,0,0,0
hsa-miR-95-5p,7,0,0,20,0,0,0,0,0,0,0,0,0,0,0,0,1,4,3,0,0,0,0,0,0,0,0,0,0,0,0,0,0,0,0,0,0,0,0
hsa-miR-96-5p,6,13,0,21,12,2,0,0,39,13,0,2,82,0,5,5,191,0,743,18,436,338,471,21,1,21,16,4,0,8,3,3,0,0,2,0,0,16,0
hsa-miR-98-5p,69,238,262,50,214,266,5,0,603,310,0,6,14,3,6,15,103,32,118,6,48,40,42,7,0,6,4,10,0,0,0,3,0,0,0,2,0,7,0
hsa-miR-99a-5p,1185,122,78,4327,230,31,0,0,275,35,15,223,369,39,402,20,779,72,1923,479,3274,1559,1608,81,8,0,22,39,2,0,0,36,1,16,12,0,3,12,1
hsa-miR-99b-5p,4765,2845,3173,2550,2285,2514,113,0,7133,452,236,1116,1682,411,1202,431,6497,1036,3714,1317,4683,5073,5893,1480,747,345,284,378,0,120,0,709,0,67,56,0,15,301,0
