miRNA,total_count,detected_samples,poisson_offset_log2FC,poisson_offset_se,poisson_offset_p,status,poisson_offset_q_bh
hsa-let-7a-5p,53756.0,38,-0.005926145441620645,0.5889321942512358,0.9919714014526504,ok,0.9936191944783193
hsa-let-7c-5p,1236.0,28,0.30943179771058366,0.6797157153226021,0.6489386866525755,ok,0.7025314686741526
hsa-let-7e-5p,3502.0,29,-1.2238096609673272,0.7556640096149574,0.10533637017706261,ok,0.13838307454633716
hsa-let-7f-5p,101609.0,39,-1.3002897171317083,0.6661781911974233,0.05095426636857691,ok,0.07263693290839687
hsa-let-7g-5p,18814.0,37,0.025773462503818553,0.6789946853087139,0.9697209550273517,ok,0.9771700557296106
hsa-let-7i-5p,153891.0,39,-1.2057869343287908,0.6927665653031876,0.0817644917225845,ok,0.11056175032652957
hsa-miR-100-5p,36095.0,39,-2.4165411321453925,0.5427767370852349,8.500184152118694e-06,ok,1.658773800559085e-05
hsa-miR-101-3p,32703.0,39,-0.8021587259555112,0.5445783312532074,0.14075358873489727,ok,0.18213393563764602
hsa-miR-101-5p,32299.0,39,-0.7925378520485694,0.5413994296609129,0.14322973975611902,ok,0.18494118431036352
hsa-miR-103a-2-5p,275064.0,39,-0.895676748762409,0.4806667075204257,0.0624053063309039,ok,0.08676073143386276
hsa-miR-103a-3p,275044.0,39,-0.8955692381960098,0.48068128536258986,0.062444705542780164,ok,0.08676073143386276
hsa-miR-106a-5p,46.0,6,-29.8512851611379,1.0118714366959995,2.7897926995300175e-191,ok,1.1366520255517571e-190
hsa-miR-106b-5p,13700.0,37,-1.4568331984253444,0.4135637284391879,0.000427282743854415,ok,0.0007737282118444811
hsa-miR-107,266887.0,39,-0.8700081296082268,0.48750596839259885,0.07432456383789907,ok,0.10255769335069367
hsa-miR-10a-5p,215194.0,39,-1.7045207327770808,0.46889203025925913,0.0002777548947506137,ok,0.0005106286632153051
hsa-miR-10b-5p,436617.0,39,-2.091587096590539,0.46916528587203693,8.268822879187876e-06,ok,1.6188637000487953e-05
hsa-miR-1180-5p,500.0,23,0.4647754708279884,0.5356190243136878,0.38553932186811235,ok,0.44998814058627623
hsa-miR-1185-5p,36.0,6,-29.8512851611283,0.8882459083240285,1.325378356202684e-247,ok,7.611458559906842e-247
hsa-miR-1197,17.0,6,-28.408590120256786,0.891693905979423,9.839109076796201e-223,ok,5.0709254472718885e-222
hsa-miR-122-5p,2042.0,31,3.48916762521536,0.852530409743514,4.2634378852843484e-05,ok,8.109946513648145e-05
hsa-miR-1228-5p,32.0,10,1.6270468997337046,1.3662620873548474,0.23370279341555933,ok,0.2870117809156462
hsa-miR-1229-3p,15.0,4,3.4344018218396064,1.7392509366640352,0.048308536288871655,ok,0.06935725567188002
hsa-miR-1229-5p,26.0,5,2.364012493878548,1.7161917392927777,0.16836520887259832,ok,0.2123937676781941
hsa-miR-1238-5p,19.0,5,-28.40859012025757,0.8911120221457234,5.066821402111147e-223,ok,2.6338735392008807e-222
hsa-miR-124-5p,20.0,4,-28.40859012025449,1.0137331953613213,8.349948848485402e-173,ok,3.051526760991938e-172
hsa-miR-1246,3355.0,1,,,,too_sparse,
hsa-miR-1247-3p,7.0,1,,,,too_sparse,
hsa-miR-1247-5p,78.0,14,2.6974362276182635,0.8606476183192927,0.0017232713884482098,ok,0.0029860133541214666
hsa-miR-1254,74.0,9,-31.293980202030838,0.756897210869964,0.0,ok,0.0
hsa-miR-1255a,10.0,1,,,,too_sparse,
hsa-miR-1258,1.0,1,,,,too_sparse,
hsa-miR-125a-5p,26662.0,39,-0.3255442235730155,0.3536611939344812,0.35731287030193215,ok,0.4191822194398153
hsa-miR-125b-2-3p,173.0,6,1.0375116692158843,1.4341100049717186,0.46940141240896505,ok,0.5310488774532944
hsa-miR-125b-5p,15256.0,37,-0.5473727868178462,0.47374945255536044,0.24792435564218895,ok,0.30201694232775744
hsa-miR-126-5p,231723.0,39,-1.9976182218408136,0.5515776275137402,0.0002927359285917755,ok,0.0005365342399417649
hsa-miR-1260a,6.0,1,,,,too_sparse,
hsa-miR-1260b,171.0,3,-32.73667524312719,1.1179114318811243,1.6687090487470745e-188,ok,6.576676839179646e-188
hsa-miR-1262,3.0,1,,,,too_sparse,
hsa-miR-1266-5p,3.0,1,,,,too_sparse,
hsa-miR-127-5p,22439.0,35,-2.7238518172611386,0.682895144263192,6.64413159725577e-05,ok,0.0001252003547857884
hsa-miR-1270,98.0,16,-31.293980202025384,0.7020516287329633,0.0,ok,0.0
hsa-miR-1271-5p,225.0,16,-2.366498078054693,0.915835560114437,0.00976682902965965,ok,0.015539308456160339
hsa-miR-1273c,14.0,1,,,,too_sparse,
hsa-miR-1273h-5p,8.0,1,,,,too_sparse,
hsa-miR-1275,38.0,6,-29.85128516113939,0.8897637858321379,9.101983405047272e-247,ok,5.129435507704211e-246
hsa-miR-1276,19.0,5,-28.408590120254377,0.9103806410299314,9.063337002820644e-214,ok,4.372153770160678e-213
hsa-miR-1278,7.0,2,-26.965895079364206,1.1978545465764157,3.178924670217049e-112,ok,7.073400649966349e-112
hsa-miR-128-1-5p,14721.0,37,-1.280692824844664,0.47162961208673,0.006618314440609988,ok,0.010815294329777297
hsa-miR-128-2-5p,13780.0,37,-1.3178222098427592,0.5315491692138383,0.013167362155707884,ok,0.02041110380434924
hsa-miR-1283,7.0,1,,,,too_sparse,
hsa-miR-1284,13.0,3,-28.408590120253393,1.071769751818145,8.212231391041067e-155,ok,2.5791539212488353e-154
hsa-miR-1287-5p,263.0,19,-0.38435786354529916,0.8364106417404824,0.6458518273036368,ok,0.700447215582901
hsa-miR-129-5p,10.0,4,-28.4085901202519,0.8663200879201494,7.5923631804054985e-236,ok,4.051499998039394e-235
hsa-miR-1291,9.0,3,-28.408590120255646,1.0306431813422605,3.01203563224914e-167,ok,1.04985981863944e-166
hsa-miR-1292-5p,30.0,7,-29.85128516114561,0.8471436628015176,5.3186748329845925e-272,ok,3.818048719392511e-271
hsa-miR-1293,5.0,1,,,,too_sparse,
hsa-miR-1294,50.0,11,1.8154919891400023,1.0431004603410852,0.08177535762128058,ok,0.11056175032652957
hsa-miR-1295a,13.0,2,-28.408590120253542,1.400655114876507,1.840868510463114e-91,ok,3.750147675031276e-91
hsa-miR-1295b-5p,9.0,3,-28.40859012025162,1.016128388594168,5.31749700473526e-172,ok,1.920030355602013e-171
hsa-miR-1296-5p,40.0,9,-29.8512851611266,0.8098018166552696,1.8471825560871852e-297,ok,1.662464300478467e-296
hsa-miR-1299,19.0,2,-28.408590120253542,1.0780848133610854,5.001531472585937e-153,ok,1.5387364683516937e-152
hsa-miR-1301-5p,521.0,24,0.12406170117231838,0.6436867051066355,0.8471656059590768,ok,0.8807601041264195
hsa-miR-1304-5p,1652.0,14,-4.25209870539875,1.570780720318639,0.006789486989849582,ok,0.011065028796971075
hsa-miR-1306-3p,57.0,10,-1.3729531002731339,1.3188220605444012,0.2978546678693831,ok,0.35565616777274855
hsa-miR-1306-5p,133.0,18,-0.24367008332813453,1.1516796589844278,0.832436271214702,ok,0.8684413002464798
hsa-miR-1307-5p,23341.0,36,-1.3497925734442164,0.515056267454233,0.00877571315333664,ok,0.014073816573037216
hsa-miR-130a-5p,24923.0,39,-0.7019829369354824,0.6512281312160771,0.2810618454067211,ok,0.3369389518494092
hsa-miR-130b-5p,13382.0,38,-0.5098111676837347,0.7568639158722243,0.5005760434702453,ok,0.5600136441791427
hsa-miR-132-5p,794.0,24,-1.0799061253729016,1.0791559875755314,0.3169742296922964,ok,0.3755117102248619
hsa-miR-1322,264.0,18,-3.6045171675017427,1.3180672053383695,0.006243732749049546,ok,0.010258776151708109
hsa-miR-1323,13.0,4,-28.40859012029534,1.0041910365824245,4.584386190907819e-176,ok,1.695941639949334e-175
hsa-miR-133a-5p,554.0,22,0.2562092043585579,0.8141908764764486,0.7530049860524392,ok,0.7952049152182501
hsa-miR-133b,10.0,3,-28.408590120253105,1.0568149866573664,3.631094918428098e-159,ok,1.1835406680065638e-158
hsa-miR-134-5p,906.0,24,0.45457970372209866,0.7578275166361382,0.5486089620924,ok,0.6069930351224169
hsa-miR-1343-5p,60.0,10,2.4344018217844705,1.2373146130960144,0.04912696234539827,ok,0.07019800543667098
hsa-miR-136-5p,1217.0,20,-5.8135256916591125,1.6191017223444562,0.00032993400251604606,ok,0.0006028794045975024
hsa-miR-138-5p,9.0,3,-28.40859012025238,1.0081690373027072,1.0758361797378443e-174,ok,3.9556659535482937e-174
hsa-miR-139-5p,335.0,18,-1.6099922975739724,1.580803768412966,0.30845732997754616,ok,0.3675884782143485
hsa-miR-140-5p,31297.0,39,-1.3361549901820595,0.5027154022729011,0.007863491809045902,ok,0.01274646656143731
hsa-miR-141-5p,732.0,22,-0.959934768630946,0.8684337626138942,0.269002219985511,ok,0.3237691390244773
hsa-miR-142-5p,228612.0,39,-1.1281741282821844,0.6821721590295575,0.09816880798363678,ok,0.13067503579278802
hsa-miR-143-5p,44786.0,38,-1.6442291960005024,0.6044268021693265,0.006522044013145623,ok,0.010686936249801117
hsa-miR-144-5p,1294.0,15,-0.14360791829480182,0.9075884310909387,0.8742753905695759,ok,0.899638328521253
hsa-miR-145-5p,770.0,21,-1.8135256916590328,0.9209389121371251,0.04892853525496838,ok,0.07008053861934901
hsa-miR-1468-5p,994.0,27,-1.4103500889335787,0.6736301701133579,0.0362906031904768,ok,0.05350423893363694
hsa-miR-146a-5p,21896.0,36,-1.8153960253381631,0.6450057680245265,0.0048846746911037145,ok,0.00804770174517907
hsa-miR-146b-3p,1629.0,18,-1.1174760456174229,0.901653269827803,0.21521095601177642,ok,0.26757155974247665
hsa-miR-146b-5p,3852.0,31,-1.2003137141337878,0.5906783313460385,0.042144171355029535,ok,0.061532531058311885
hsa-miR-148a-3p,167893.0,39,-1.5077241305699882,0.700498970677754,0.031369217597767285,ok,0.046475769561311234
hsa-miR-148a-5p,171810.0,39,-1.513434323822963,0.7014639086185236,0.03096384890104838,ok,0.0459881795254487
hsa-miR-148b-5p,6582.0,24,-3.852980761063039,0.905633207192613,2.0955359073062525e-05,ok,4.0370867479414387e-05
hsa-miR-149-5p,55.0,6,-29.851285161143075,0.8718666505301147,6.499311265021681e-257,ok,4.040293497740282e-256
hsa-miR-150-5p,57374.0,39,0.22119366427758264,0.6193429171504166,0.7209851455847069,ok,0.7708405013964155
hsa-miR-151b,174415.0,39,-1.9757676305079503,0.5215845339310349,0.00015185850433045047,ok,0.0002817559326500358
hsa-miR-152-5p,698.0,23,-1.285118637922328,0.8889912229008362,0.14829165981229228,ok,0.19008098546038812
hsa-miR-153-3p,35.0,6,-29.8512851611653,0.9502685790941066,1.3225781079221856e-216,ok,6.483858529081935e-216
hsa-miR-153-5p,9.0,3,-28.408590120253425,1.0883978358350446,3.524694543995546e-150,ok,1.0418582402104481e-149
hsa-miR-1537-5p,7.0,2,-26.96589507935551,1.1717219188239003,3.383163952223762e-117,ok,7.876632676412852e-117
hsa-miR-1538,286.0,25,0.9190447885560136,0.5264355018165366,0.08084779470002136,ok,0.10980004550475875
hsa-miR-154-5p,40.0,8,-29.851285161146212,0.8334830896853335,6.427367117881525e-281,ok,4.90595236972476e-280
hsa-miR-155-5p,1209.0,26,-0.8135256915777946,0.703628181474669,0.24760471366579728,ok,0.30201694232775744
hsa-miR-15a-5p,81426.0,39,-0.8035210326890548,0.4863810591834006,0.09852636853007754,ok,0.13086211503003692
hsa-miR-15b-5p,1316.0,17,-1.9098940861310303,0.8292195111354187,0.02126517120283372,ok,0.03205724558827184
hsa-miR-16-5p,349948.0,39,-1.278065575065703,0.5049611450876192,0.011373212265153792,ok,0.01795300260703596
hsa-miR-17-5p,995.0,21,-1.80473767438903,1.2378739002559542,0.14485890791125974,ok,0.18664513134720004
hsa-miR-181a-5p,362211.0,39,-1.6733995170310614,0.5083502626883585,0.000995399386309329,ok,0.0017550462863875013
hsa-miR-181b-5p,25947.0,38,-0.9298289420572425,0.6289345519510885,0.13929559883743167,ok,0.18102423728226572
hsa-miR-181c-5p,5360.0,32,-1.7641796382808568,0.6208760354779934,0.0044910838197617505,ok,0.0074603954361331555
hsa-miR-181d-5p,1140.0,24,-2.0034302602456795,1.104830972934778,0.06977994663705618,ok,0.0965075867480387
hsa-miR-182-5p,14965.0,32,-1.6255359744548044,0.6527311098986938,0.01276134708571936,ok,0.01988395941263249
hsa-miR-183-5p,625.0,23,-0.4844614154881244,0.7948028835203299,0.54216884722468,ok,0.6020770071390092
hsa-miR-184,99.0,15,2.0593623904462786,1.0234831223085434,0.04420816100565685,ok,0.06423499056966527
hsa-miR-185-5p,755.0,27,0.0718317423997593,0.7021885806633381,0.9185209848907835,ok,0.9371711571728298
hsa-miR-186-5p,82137.0,39,-1.5467551398311126,0.6086581346909259,0.01104555295811085,ok,0.01748154444551402
hsa-miR-187-5p,5.0,2,-26.965895079366405,1.1424150612591497,3.482442966038699e-123,ok,8.50167250413496e-123
hsa-miR-188-5p,207.0,20,-0.9018815651292668,1.5660285986226647,0.5646803173578849,ok,0.6213544368007383
hsa-miR-18a-5p,155.0,7,-2.8323847189104265,1.7013610936462986,0.09595750040553458,ok,0.12801409899233926
hsa-miR-18b-5p,26.0,3,-29.851285161137344,1.018051128944168,5.439792784667002e-189,ok,2.1723146020888754e-188
hsa-miR-1908-5p,206.0,20,3.2518104085059956,0.8056042351469812,5.425770682253135e-05,ok,0.00010256237371155612
hsa-miR-1909-5p,6.0,1,,,,too_sparse,
hsa-miR-190b,14.0,6,1.8494393210736721,1.5833908160945394,0.24279686852922233,ok,0.29697061201444436
hsa-miR-191-5p,133537.0,39,-2.5161179990806826,0.5937130028314822,2.2558355729675564e-05,ok,4.332066402864448e-05
hsa-miR-1915-5p,5.0,1,,,,too_sparse,
hsa-miR-192-5p,81223.0,39,-1.4317685025922777,0.46843180464269163,0.0022392680994257528,ok,0.0038469477605519342
hsa-miR-193a-5p,63.0,9,1.4344018217846057,1.2896012995620623,0.26601641767454576,ok,0.3214587171498018
hsa-miR-193b-3p,26.0,4,1.9749702031471692,1.8256168109650097,0.27933703991713377,ok,0.335538316872573
hsa-miR-193b-5p,1351.0,28,2.524804480464728,0.5282527217038755,1.7569759745218493e-06,ok,3.4850543178837998e-06
hsa-miR-194-5p,714.0,21,-1.8571526240591452,1.1560570741218654,0.10817417276128051,ok,0.1414946337853626
hsa-miR-195-5p,53.0,9,-29.851285161143373,0.7116555706522285,0.0,ok,0.0
hsa-miR-196a-5p,25.0,6,1.5599327038901563,1.6408375679209697,0.3417602693140037,ok,0.40329049392630967
hsa-miR-196b-5p,99.0,12,0.2017410649942097,1.3701676388165522,0.8829439821786513,ok,0.9054680633566782
hsa-miR-197-5p,1274.0,33,0.018178383235485627,0.4947116360744345,0.9706879989751853,ok,0.9771700557296106
hsa-miR-1972,5.0,2,-26.96589507936827,1.3026334743348054,3.388282399377627e-95,ok,7.021080023452608e-95
hsa-miR-1976,246.0,26,2.112473726897105,0.4820966811193457,1.1767762756986462e-05,ok,2.2890196588589797e-05
hsa-miR-199a-5p,37614.0,38,-2.168614342370553,0.6641516958896954,0.001093715614329293,ok,0.0019227711820424599
hsa-miR-199b-5p,35694.0,38,-2.194709858541707,0.6754054034904277,0.001156201151773305,ok,0.0020149979610384477
hsa-miR-19a-5p,690.0,22,-0.8725980314578458,0.9230437779055451,0.34448099599564264,ok,0.40491625845101853
hsa-miR-19b-1-5p,3153.0,33,-1.2534987006962781,0.7116501612697701,0.07817117503521859,ok,0.10664529082859006
hsa-miR-19b-2-5p,3158.0,34,-1.231516508327307,0.6968040645820184,0.07716486453070803,ok,0.10599182986792015
hsa-miR-200a-5p,107.0,15,0.08390457470034132,1.1019834865538052,0.9393080404973919,ok,0.9567613993579853
hsa-miR-200b-5p,60.0,8,3.21200940044802,1.1016435392457498,0.003549459441495261,ok,0.006012146188824838
hsa-miR-200c-5p,10.0,4,3.849439321063769,1.6475291013234854,0.019465590178099665,ok,0.02964078504392449
hsa-miR-202-3p,49.0,7,-29.85128516113417,0.9830070828821516,1.4844682551167445e-202,ok,6.393816841681406e-202
hsa-miR-202-5p,79.0,11,-31.293980202012122,0.7721743603620462,0.0,ok,0.0
hsa-miR-203a-5p,259.0,19,1.331308328820674,0.9022468032527908,0.14006531433476968,ok,0.1816330850405723
hsa-miR-204-5p,307.0,20,-2.818263610665777,1.3881336665350583,0.042330750698481426,ok,0.061655658626049034
hsa-miR-205-5p,815.0,23,0.4362815550026905,0.5690192894680749,0.44324478528488376,ok,0.504888353559439
hsa-miR-208b-5p,25.0,5,-29.851285161139064,0.940348424977169,3.731577037320579e-221,ok,1.906899113139245e-220
hsa-miR-20a-5p,600.0,17,-4.792010371004075,1.5882053254570876,0.002550804848924779,ok,0.0043573238637440274
hsa-miR-20b-5p,60.0,11,0.18647430834089332,1.6433162491698188,0.9096544660361062,ok,0.9296977000335119
hsa-miR-21-5p,384231.0,39,-1.3047967802274112,0.6965116219245652,0.061022698188451234,ok,0.08557369071543278
hsa-miR-210-5p,5273.0,29,-1.9824822092194636,0.6514468770569306,0.0023407781231960896,ok,0.004009912523543301
hsa-miR-211-5p,8.0,3,-26.96589507936462,1.0054012656945845,1.837344877999718e-158,ok,5.8931859650735625e-158
hsa-miR-2110,32.0,2,-29.851285161141877,1.327320280141851,5.213036508564461e-112,ok,1.1556841965677832e-111
hsa-miR-2114-5p,3.0,1,,,,too_sparse,
hsa-miR-2115-5p,62.0,10,1.8764063690113513,1.62618040130766,0.2485520608439008,ok,0.30217115461466165
hsa-miR-2116-5p,82.0,12,-31.293980202061668,0.7237224405105689,0.0,ok,0.0
hsa-miR-212-5p,37.0,7,-29.851285161157072,0.8688173475366978,1.0504765904541239e-258,ok,6.667761937303544e-258
hsa-miR-214-5p,78.0,8,-31.293980202036753,0.7982453103283897,0.0,ok,0.0
hsa-miR-215-5p,1351.0,27,-1.4822919488544073,0.7874867379951305,0.05979431886995442,ok,0.08424293055743579
hsa-miR-216a-5p,2.0,1,,,,too_sparse,
hsa-miR-216b-5p,2.0,1,,,,too_sparse,
hsa-miR-218-5p,26.0,3,3.9869428448131647,1.7071940788422546,0.019523702502669597,ok,0.02965438944360143
hsa-miR-219a-5p,59.0,10,-29.85128516115258,0.7379640290998689,0.0,ok,0.0
hsa-miR-219b-5p,13.0,3,-28.40859012025324,1.0823426238355045,7.669901098566057e-152,ok,2.335833516381481e-151
hsa-miR-22-5p,1436820.0,39,-1.9638663367378144,0.4174941559105542,2.5519163458522295e-06,ok,5.04526411983244e-06
hsa-miR-221-5p,48789.0,39,-0.9112922246196922,0.5862503377133702,0.12007899005523152,ok,0.15672647403312687
hsa-miR-222-5p,13133.0,35,-1.7927480483507112,0.6879895545967974,0.009166585154869287,ok,0.014661673337894376
hsa-miR-223-3p,7135.0,29,-1.5492594414007799,0.625812900981011,0.013301427817032507,ok,0.020566053778642568
hsa-miR-223-5p,270.0,2,-0.4235791733427459,1.929336843472841,0.826224352623588,ok,0.8634545660866959
hsa-miR-224-5p,891.0,23,-1.2496248064657918,1.0214044193122496,0.22116437225382446,ok,0.27384418166130625
hsa-miR-2276-5p,28.0,9,-0.3204856803789071,1.436433352624951,0.823448251207203,ok,0.8620473879825407
hsa-miR-2277-5p,41.0,11,-29.85128516115166,0.7991080639530088,2.044675186230328e-305,ok,2.0897273513506573e-304
hsa-miR-2355-5p,126.0,13,-31.293980202053525,0.7809733519183106,0.0,ok,0.0
hsa-miR-23a-5p,10062.0,36,-0.8780034989843863,0.6348408374002914,0.16665587234596357,ok,0.21112077946347907
hsa-miR-23b-5p,4642.0,33,-0.8263383428435103,0.5946986475590149,0.16467842475345962,ok,0.20905492658176034
hsa-miR-24-1-5p,2244.0,29,-1.2778795090011406,0.7240313424649654,0.07757207854332031,ok,0.10630900764005033
hsa-miR-24-2-5p,2394.0,29,-1.3046116010305953,0.7089367053087482,0.06573344070555884,ok,0.09112014884011949
hsa-miR-24-3p,2238.0,28,-1.500271930337587,0.7923074747555989,0.05828508220241589,ok,0.08230890999544914
hsa-miR-2467-5p,45.0,8,-29.85128516114054,0.8181394014370378,1.7961433497388002e-291,ok,1.5254569575950653e-290
hsa-miR-25-5p,241526.0,39,-1.5949816855053052,0.34594051592795133,4.015735347771643e-06,ok,7.913360832373531e-06
hsa-miR-26a-5p,103907.0,38,-2.6519984254311737,0.7478997413950411,0.00039123350083028555,ok,0.0007105837379538017
hsa-miR-26b-3p,13.0,3,37.36862499678486,0.9661093722881983,0.0,ok,0.0
hsa-miR-26b-5p,8621.0,33,-2.0080339510093816,0.651929642216818,0.0020690397144373734,ok,0.0035748737759476678
hsa-miR-27a-5p,46410.0,38,-1.3823801274272578,0.5546212001309291,0.01268558409079807,ok,0.019836616971522014
hsa-miR-27b-5p,194876.0,39,-1.5337310507233566,0.5087009721743142,0.002569832203775075,ok,0.004377426042023645
hsa-miR-28-5p,99202.0,38,-1.2871901697352792,0.5848402052598415,0.027741244063353238,ok,0.04130363004988148
hsa-miR-296-5p,98.0,16,2.5599327038683306,0.738612545517232,0.0005285250388218571,ok,0.0009485136857427972
hsa-miR-299-5p,34.0,9,-29.851285161140403,0.8096663866596429,1.4713599211360446e-297,ok,1.3442879279470225e-296
hsa-miR-29a-5p,15907.0,36,-1.4214587150299083,0.7415558153081044,0.05525571396568476,ok,0.07839810710895978
hsa-miR-29b-1-5p,181.0,14,1.0680796075386494,1.418471544761602,0.4514623968967084,ok,0.5126776371538893
hsa-miR-29b-2-5p,256.0,18,0.7095090602785586,0.9984907530294289,0.47734360849779667,ok,0.5370115595600213
hsa-miR-29c-5p,3140.0,27,-2.2614064475912614,0.7884734861271744,0.004129687602199962,ok,0.006895976621660364
hsa-miR-301a-5p,970.0,19,-1.7675335745603709,1.0859194771572267,0.1035919433331876,ok,0.13668696242869172
hsa-miR-301b-5p,166.0,10,-32.73667524286717,0.7571067628191012,0.0,ok,0.0
hsa-miR-3064-5p,26.0,5,-29.851285161142936,0.9037324790566738,2.9055776951080628e-239,ok,1.5927848637728743e-238
hsa-miR-3065-5p,44.0,8,-29.85128516110291,0.8200870573382255,4.2350652605338136e-290,ok,3.49827993438615e-289
hsa-miR-3074-5p,62.0,12,-31.293980202033495,0.756569468984611,0.0,ok,0.0
hsa-miR-30a-5p,67049.0,39,-1.9048601659945037,0.4993727202192669,0.00013645570096627478,ok,0.00025474547270174517
hsa-miR-30b-5p,1211.0,20,-34.1793702836709,0.7470849587243432,0.0,ok,0.0
hsa-miR-30c-5p,5776.0,30,-2.7662767620052477,0.7914359146714449,0.0004735946333418666,ok,0.0008550226464225914
hsa-miR-30d-5p,246680.0,39,-1.8124476611141662,0.32616689924264924,2.747487099910202e-08,ok,5.504102063939707e-08
hsa-miR-30e-5p,96760.0,39,-1.7316431588436396,0.5199129934185464,0.0008664649268683115,ok,0.0015412340734560232
hsa-miR-31-5p,59.0,8,-29.851285161140865,0.8112110320032612,1.9567915666024854e-296,ok,1.7352136980313216e-295
hsa-miR-3120-5p,139.0,13,-1.6636302611760483,1.4494288937368982,0.2510580380896328,ok,0.30399196178323007
hsa-miR-3121-5p,5.0,3,-26.965895079366405,1.0309967320089362,8.607106865158377e-151,ok,2.5821320595475133e-150
hsa-miR-3122,13.0,3,-28.408590120262303,1.1286009101362822,8.218239755401114e-140,ok,2.2322516092373295e-139
hsa-miR-3124-5p,5.0,1,,,,too_sparse,
hsa-miR-3127-5p,229.0,21,0.6996922015586301,0.8583320981112268,0.41497125673709323,ok,0.47936334829974564
hsa-miR-3128,3.0,2,-25.523200038475437,1.2126914799055206,2.4496956873147153e-98,ok,5.1469216008737744e-98
hsa-miR-3130-5p,68.0,5,-31.293980202029026,0.8787931261490476,9.747734230444623e-278,ok,7.168150903607449e-277
hsa-miR-3136-5p,21.0,7,-28.408590120253162,0.8438287143213767,1.8005229175485462e-248,ok,1.043957037770936e-247
hsa-miR-3138,123.0,17,1.3534818264163861,1.0847105289040015,0.2121110531057211,ok,0.2648094513928568
hsa-miR-3140-5p,2.0,1,,,,too_sparse,
hsa-miR-3143,91.0,11,-31.29398020203038,0.7152174372920191,0.0,ok,0.0
hsa-miR-3144-5p,2.0,1,,,,too_sparse,
hsa-miR-3145-5p,3.0,1,,,,too_sparse,
hsa-miR-3146,2.0,1,,,,too_sparse,
hsa-miR-3150a-5p,21.0,6,3.112473726895109,1.6050623741942278,0.05248178475781587,ok,0.07463800992679945
hsa-miR-3150b-5p,59.0,10,-0.39848819237986455,1.0885559367383877,0.7143124857755301,ok,0.7690531421984723
hsa-miR-3151-5p,3.0,1,,,,too_sparse,
hsa-miR-3155b,19.0,8,-28.408590120251056,0.7596831754875816,4.656532678531065e-306,ok,4.841188284748676e-305
hsa-miR-3157-5p,59.0,9,-29.851285161139693,0.7792918539795799,0.0,ok,0.0
hsa-miR-3158-5p,664.0,25,-0.07112621144227989,0.40522397714313785,0.8606685384046987,ok,0.8886697408527967
hsa-miR-3159,9.0,2,-28.40859012025353,1.309642660218174,2.4486356157167367e-104,ok,5.330423380062065e-104
hsa-miR-3160-5p,6.0,2,-26.965895079365644,1.1437938960756988,6.822228785079208e-123,ok,1.6587919183075654e-122
hsa-miR-3161,74.0,7,0.30511880483954384,1.7382438597394325,0.8606610033217701,ok,0.8886697408527967
hsa-miR-3163,20.0,5,-28.408590120257244,0.9037624749924192,7.013437849152372e-217,ok,3.4951264653213885e-216
hsa-miR-3173-5p,111.0,17,2.7254506037878574,0.6279374463552231,1.4227419043415049e-05,ok,2.7585638852666478e-05
hsa-miR-3174,37.0,7,-29.85128516111573,0.8517260554317472,4.184186276066683e-269,ok,2.834903735357539e-268
hsa-miR-3175,13.0,3,-28.40859012025435,1.0472563851694145,4.771708585412486e-162,ok,1.589690760775541e-161
hsa-miR-3176,297.0,21,-0.938152345943898,1.4490194054139245,0.5173475622067347,ok,0.5766369316278392
hsa-miR-3177-5p,112.0,17,1.235621957671154,0.7552961018347566,0.10185135476821659,ok,0.13498102620930683
hsa-miR-3180,18.0,3,4.434401821788272,1.690486135132621,0.008712043528792162,ok,0.014008965994297799
hsa-miR-3180-5p,22.0,5,3.9038871050862474,1.566488098356921,0.012698066585418733,ok,0.019836616971522014
hsa-miR-3181,3.0,1,,,,too_sparse,
hsa-miR-3183,26.0,5,-29.851285161142552,1.1000789038560574,3.7463941158959723e-162,ok,1.2550420288251508e-161
hsa-miR-3186-5p,6.0,2,5.434401821784952,1.9293368434727804,0.004851679066635381,ok,0.008015239663509957
hsa-miR-3187-5p,31.0,6,-29.851285161142346,0.8744555734916233,2.0854201910221802e-255,ok,1.283171811414668e-254
hsa-miR-3188,8.0,3,-26.96589507936542,1.0116291327360862,1.5285228159114457e-156,ok,4.825650565416763e-156
hsa-miR-3190-3p,14.0,2,-28.40859012025113,1.217733182147494,2.2478935767501577e-120,ok,5.3156071638444905e-120
hsa-miR-3190-5p,26.0,5,-29.85128516114493,0.8487478578014034,5.557717002146023e-271,ok,3.896864363132619e-270
hsa-miR-3191-5p,21.0,5,-28.40859012025295,0.9229385554120471,4.766993220310354e-208,ok,2.1451469491396595e-207
hsa-miR-3192-5p,3.0,1,,,,too_sparse,
hsa-miR-3193,1.0,1,,,,too_sparse,
hsa-miR-3194-5p,30.0,6,-29.85128516114546,0.7972193743968858,7.449662801894041e-307,ok,7.880959069372117e-306
hsa-miR-3197,1.0,1,,,,too_sparse,
hsa-miR-3198,2.0,1,,,,too_sparse,
hsa-miR-3199,6.0,2,-26.965895079363975,1.2287878088440736,9.641456095523169e-107,ok,2.1141083729456258e-106
hsa-miR-32-5p,1236.0,27,-0.2587820803537124,0.7858101882619354,0.7419147239140087,ok,0.7848676816142934
hsa-miR-3200-5p,40.0,7,-29.851285161144002,0.6704102568760802,0.0,ok,0.0
hsa-miR-3202,25.0,4,-29.851285161129397,0.8941611222011625,2.2875157072780886e-244,ok,1.277196269896933e-243
hsa-miR-320a,201691.0,39,1.372084092446946,0.6911168183869265,0.047109515649025546,ok,0.06795942090038853
hsa-miR-320b,97343.0,38,0.9938962845822163,0.6825142216449392,0.14532961594047278,ok,0.18685236335203642
hsa-miR-320c,3503.0,36,1.312789383378142,0.580080247944639,0.023628487122973926,ok,0.0355311165465169
hsa-miR-320d,1143.0,19,-34.179370283789595,0.6940279251203608,0.0,ok,0.0
hsa-miR-320e,24.0,7,-0.08916013427253851,1.392627161660932,0.9489519327479796,ok,0.9649544948516555
hsa-miR-323a-5p,303.0,16,-1.4628386037903272,1.371826595273527,0.2862683162028642,ok,0.3424995925998554
hsa-miR-323b-5p,988.0,20,-2.6963525823771652,1.0517329582798427,0.010355598126126207,ok,0.016432699131721323
hsa-miR-324-3p,1.0,1,,,,too_sparse,
hsa-miR-324-5p,2232.0,31,-0.6477472195645634,0.264039387927422,0.014158295350178303,ok,0.02183491584695017
hsa-miR-326,578.0,24,-0.6099922975678223,0.7959010695135587,0.443428080546022,ok,0.504888353559439
hsa-miR-328-5p,4074.0,34,1.258959815374797,0.5162697253518588,0.014745506390398152,ok,0.022682500901556338
hsa-miR-329-5p,32.0,8,-29.851285161140527,0.8039552990723928,9.040089845941404e-302,ok,8.792216414681719e-301
hsa-miR-330-5p,498.0,20,-1.1744074208910549,0.866395072419082,0.17525503789762908,ok,0.22062377422185872
hsa-miR-331-5p,572.0,23,-2.7153452977202086,0.8858256004488045,0.0021743198949322673,ok,0.003746042561840449
hsa-miR-335-5p,4054.0,27,-3.150918445842634,0.7531743122125572,2.870320942491527e-05,ok,5.494614375626638e-05
hsa-miR-337-5p,38.0,7,-29.85128516113959,0.8787010349999864,5.762491008590011e-253,ok,3.4747820781797767e-252
hsa-miR-338-5p,542.0,12,-34.1793702837925,0.7471645949875796,0.0,ok,0.0
hsa-miR-339-5p,3048.0,22,-0.6375480200901898,0.5342397087666816,0.23272275565757972,ok,0.28639147277861343
hsa-miR-33a-5p,64.0,8,-31.29398020203089,0.8537660178032053,3.9446442455334026e-294,ok,3.398029257223774e-293
hsa-miR-33b-5p,373.0,20,-0.35701155640233034,0.9802802900730991,0.7157136373063151,ok,0.7690531421984723
hsa-miR-340-5p,5283.0,34,-2.1630300308856847,0.6645675309413495,0.001134748710175008,ok,0.0019855560294869427
hsa-miR-342-5p,4022.0,14,0.872597042050563,1.0859369280802367,0.42166094019908784,ok,0.4849393410835624
hsa-miR-345-5p,7687.0,37,-0.8294030487089644,0.36713060061052,0.023874063890969785,ok,0.03581109583645468
hsa-miR-34a-5p,170.0,15,-32.7366752429214,0.7091360869413698,0.0,ok,0.0
hsa-miR-34b-5p,7.0,1,,,,too_sparse,
hsa-miR-34c-5p,20.0,5,-28.408590120253024,0.7879447071302119,1.1920590753568519e-284,ok,9.335215875846515e-284
hsa-miR-3591-5p,11.0,2,-28.40859012025455,1.3428200742711227,2.4341020691398845e-99,ok,5.168181505955459e-99
hsa-miR-3605-5p,616.0,18,0.6245356805708162,0.7742844613998591,0.4198985859554021,ok,0.4841278151646414
hsa-miR-361-5p,1440.0,16,0.45765455291157275,0.8466090893738998,0.5888014943328626,ok,0.6432016323962249
hsa-miR-3613-5p,37.0,5,-29.851285161143295,1.0192542259513357,1.5016922369990193e-188,ok,5.957371177042161e-188
hsa-miR-3614-5p,534.0,19,-0.2492946325214098,1.3183484433154702,0.8500174484848895,ok,0.8822039955875874
hsa-miR-3615,17016.0,37,1.1033101654655093,0.20126112348770847,4.205833808305695e-08,ok,8.397741014597131e-08
hsa-miR-3617-5p,1.0,1,,,,too_sparse,
hsa-miR-362-5p,90.0,10,-31.293980202035154,0.8739207004341514,8.080840723568301e-281,ok,6.090933695389607e-280
hsa-miR-3620-5p,16.0,4,-28.40859012028853,0.9883726328684637,1.114536040848189e-181,ok,4.308110465586269e-181
hsa-miR-3622a-5p,5.0,1,,,,too_sparse,
hsa-miR-3622b-5p,1.0,1,,,,too_sparse,
hsa-miR-363-5p,18752.0,36,-1.2242804888336385,0.5026075616441417,0.014856528525024719,ok,0.022795131553663882
hsa-miR-3648,12.0,2,3.434401821784729,2.1047081006895656,0.10272771867253223,ok,0.1358438911393354
hsa-miR-3652,8.0,2,-26.96589507936469,1.1488875192206063,8.010942163561973e-122,ok,1.9169040177094723e-121
hsa-miR-3653-5p,2.0,1,,,,too_sparse,
hsa-miR-3659,4.0,2,-26.965895079363804,1.1819882799153365,3.3288607688025295e-115,ok,7.5747284663695295e-115
hsa-miR-365a-5p,72.0,10,-31.293980202033403,0.7213023333276087,0.0,ok,0.0
hsa-miR-365b-5p,66.0,9,-31.293980202028163,0.7404115513715054,0.0,ok,0.0
hsa-miR-3661,26.0,8,-29.851285161141003,0.7223065001816974,0.0,ok,0.0
hsa-miR-3667-5p,4.0,1,,,,too_sparse,
hsa-miR-3675-3p,12.0,2,-28.4085901202185,1.242775044173672,1.189329006101758e-115,ok,2.7268646033435746e-115
hsa-miR-3675-5p,1.0,1,,,,too_sparse,
hsa-miR-3677-5p,24.0,5,-29.851285161143007,0.9556516671598484,3.397336167752163e-214,ok,1.652091700931092e-213
hsa-miR-3678-5p,15.0,4,-28.408590120278333,0.9625851962277023,1.972169839703361e-191,ok,8.089921179191337e-191
hsa-miR-3680-3p,3.0,1,,,,too_sparse,
hsa-miR-3680-5p,3.0,1,,,,too_sparse,
hsa-miR-3684,6.0,2,-26.965895079363786,1.1908761427457932,1.6078818273484798e-113,ok,3.61773411153408e-113
hsa-miR-3687,13.0,3,3.7563299166718322,1.7710820212696525,0.03392821991190454,ok,0.05014391325215303
hsa-miR-3688-5p,125.0,17,0.7463458284420753,1.0974942174336697,0.49647575258982046,ok,0.5574951188299101
hsa-miR-369-5p,623.0,18,-3.2567600827685648,1.0007016020358992,0.0011360146437363104,ok,0.0019855560294869427
hsa-miR-3690,33.0,5,-29.851285161158156,1.1111076355452607,5.44960453460493e-159,ok,1.757278895383301e-158
hsa-miR-3691-5p,31.0,8,2.0558901985307427,1.4315624631715131,0.15096924850567847,ok,0.19246185380322225
hsa-miR-370-3p,4.0,1,,,,too_sparse,
hsa-miR-370-5p,189.0,13,-32.73667524286871,0.7948349113079911,0.0,ok,0.0
hsa-miR-371a-5p,1.0,1,,,,too_sparse,
hsa-miR-371b-5p,309.0,17,-1.4915975967717576,1.295867607721335,0.24971509883708598,ok,0.30297425472588096
hsa-miR-373-5p,46.0,5,-29.851285161146617,0.9447632243339193,4.114086993971141e-219,ok,2.084701224676133e-218
hsa-miR-374a-5p,318.0,14,-32.736675242893035,0.8662081005786341,0.0,ok,0.0
hsa-miR-374b-5p,202.0,14,-0.595345521607486,1.001932250276007,0.5523801025615269,ok,0.609991422012974
hsa-miR-375,12410.0,36,-0.1457242847295477,0.4932156781472429,0.7676443930604208,ok,0.8064278205843793
hsa-miR-376a-5p,11.0,4,-28.408590120254505,0.9326288692014051,8.627100661342441e-204,ok,3.7696678976735446e-203
hsa-miR-376b-5p,4.0,3,-26.96589507936351,1.0741566899735113,4.469628222452422e-139,ok,1.2086035058918434e-138
hsa-miR-376c-5p,29.0,6,-29.85128516114158,0.9648839828847902,3.7195909631903255e-210,ok,1.7253179621567433e-209
hsa-miR-377-5p,84.0,7,-31.293980202037062,0.8927343272746706,3.3792200849251015e-269,ok,2.3155337627384503e-268
hsa-miR-378a-5p,47322.0,36,-1.0628210746687545,0.5365780006293331,0.04762052934168969,ok,0.0685326472387563
hsa-miR-378c,1228.0,4,-35.6220653247099,1.031078751997819,1.5092632657868504e-261,ok,1.0000942299664514e-260
hsa-miR-378e,1.0,1,,,,too_sparse,
hsa-miR-378i,244.0,3,-32.73667524291617,1.2734817146175417,9.904374867375155e-146,ok,2.7778316488498692e-145
hsa-miR-379-5p,22.0,5,-28.408590120252235,0.9245768683172448,2.5554964087718028e-207,ok,1.1414550625847386e-206
hsa-miR-380-5p,20.0,4,-28.40859012025937,0.9670552593649908,1.1000665099348183e-189,ok,4.42226736993797e-189
hsa-miR-381-5p,2099.0,22,-2.4187344262713046,0.9562712879884228,0.011427753475777128,ok,0.017991998292150414
hsa-miR-382-5p,49.0,6,-29.85128516114261,0.968541328583954,1.3767022385640978e-208,ok,6.241740224467301e-208
hsa-miR-383-5p,3.0,1,,,,too_sparse,
hsa-miR-3909,77.0,12,-0.7944168686777594,1.404095691512958,0.5715396599071598,ok,0.6277566756357329
hsa-miR-3911,4.0,1,,,,too_sparse,
hsa-miR-3912-5p,28.0,8,-29.851285161137387,0.7570789385528195,0.0,ok,0.0
hsa-miR-3913-5p,54.0,10,-29.851285161144784,0.7779891360360144,0.0,ok,0.0
hsa-miR-3918,24.0,4,-29.851285161144038,0.8194899667290421,1.611120478448855e-290,ok,1.3493134007009161e-289
hsa-miR-3922-5p,4.0,3,-26.965895079344776,1.0778194720868735,3.8044768047486894e-138,ok,1.0195997836726487e-137
hsa-miR-3928-5p,113.0,10,-31.293980202027335,0.7232152748264503,0.0,ok,0.0
hsa-miR-3934-5p,14.0,3,-28.408590120251397,1.1387056998336529,2.2369254086968105e-137,ok,5.968433723204322e-137
hsa-miR-3936,12.0,3,4.91982864895482,1.682719827409482,0.0034585786452482666,ok,0.005874712459393534
hsa-miR-3939,24.0,6,-29.851285161146098,0.8687755783514505,9.924663707528621e-259,ok,6.366566186850806e-258
hsa-miR-3940-5p,19.0,4,-28.408590120250505,0.9140538641973911,4.519467513466896e-212,ok,2.1628880243020148e-211
hsa-miR-3942-5p,22.0,3,-28.4085901202594,1.0401278589227259,3.0059063127166285e-164,ok,1.0240460489085463e-163
hsa-miR-3944-5p,56.0,10,-29.851285161140378,0.6813781620647856,0.0,ok,0.0
hsa-miR-409-5p,12679.0,32,-1.6751619158941196,0.7455620383209578,0.024649970917532724,ok,0.03688320710489388
hsa-miR-410-5p,5620.0,27,-2.653837009645525,0.9137064759208635,0.0036787036172468367,ok,0.006213608630811884
hsa-miR-411-5p,1096.0,19,-4.660995201008055,1.6255680969208888,0.004139873195756305,ok,0.006895976621660364
hsa-miR-412-5p,17.0,2,-28.408590120256413,1.2081101348386079,2.8716095590119414e-122,ok,6.926322256336802e-122
hsa-miR-421,3880.0,29,-1.2109721956325081,0.7832705945263432,0.12209351244290609,ok,0.15901163715566388
hsa-miR-423-5p,2359809.0,39,0.9130420109345898,0.25592001683985466,0.0003601490623834866,ok,0.0006561023704448411
hsa-miR-424-5p,5891.0,25,-2.4631349769295015,0.539971172508865,5.076417933437095e-06,ok,9.970944670562112e-06
hsa-miR-4284,7.0,2,5.756329916671834,2.02762145406061,0.0045261269977613814,ok,0.007497952141895915
hsa-miR-429,22.0,5,5.241756744106484,1.403331578350039,0.00018754872916528674,ok,0.0003469076186707605
hsa-miR-431-3p,6.0,1,,,,too_sparse,
hsa-miR-431-5p,1656.0,20,-3.932794487845015,1.3578460734976134,0.003775337249936691,ok,0.006359017770144762
hsa-miR-432-5p,1917.0,24,-0.7301183751922303,1.1632488691853424,0.5302303048308936,ok,0.5899056712417506
hsa-miR-4326,7.0,1,,,,too_sparse,
hsa-miR-433-3p,16.0,2,-28.408590120249627,1.38262883669475,8.221661335101224e-94,ok,1.6978293784472732e-93
hsa-miR-433-5p,426.0,18,0.013444350961810236,1.0262905072411619,0.9895480537080599,ok,0.9928410588784694
hsa-miR-4417,1.0,1,,,,too_sparse,
hsa-miR-4424,16.0,3,-28.40859012025258,1.1010605698864036,8.615316705658923e-147,ok,2.4738266540534905e-146
hsa-miR-4425,15.0,3,-28.408590120253475,1.0743169659276826,4.346004351116812e-154,ok,1.350845682331669e-153
hsa-miR-4429,1.0,1,,,,too_sparse,
hsa-miR-4433a-5p,2.0,1,,,,too_sparse,
hsa-miR-4433b-3p,9.0,2,-28.408590120258683,1.1525258734506774,3.7737395115309983e-134,ok,9.89376054544866e-134
hsa-miR-4433b-5p,3865.0,30,0.05338443143812854,0.8918437854484897,0.952268332612023,ok,0.9655022811296939
hsa-miR-4435,101.0,12,0.8952430107829292,1.5102972733458078,0.5533421357232119,ok,0.609991422012974
hsa-miR-4436a,5.0,2,-26.965895079367208,1.0934320700318454,2.7565148817540715e-134,ok,7.25842128252273e-134
hsa-miR-4436b-5p,4.0,3,-26.96589507936351,1.0277330582232618,9.739150979097547e-152,ok,2.951109568038101e-151
hsa-miR-4440,11.0,3,-28.408590120254562,1.1143900629256398,2.3872656033973412e-143,ok,6.633738059210123e-143
hsa-miR-4446-5p,3258.0,36,0.6816532303773352,0.7051783615822268,0.33372430126218156,ok,0.3945799091394029
hsa-miR-4448,5.0,1,,,,too_sparse,
hsa-miR-4449,54.0,11,-29.851285161134545,0.7719695869740032,0.0,ok,0.0
hsa-miR-4465,2.0,1,,,,too_sparse,
hsa-miR-4466,44.0,12,-29.85128516114216,0.7281667522883166,0.0,ok,0.0
hsa-miR-4467,15.0,2,-28.40859012025338,1.2015389715319265,1.3767034651561064e-123,ok,3.374602396297286e-123
hsa-miR-4473,5.0,1,,,,too_sparse,
hsa-miR-4474-5p,8.0,4,-26.965895079365403,1.0032730436189656,3.9796571504897164e-159,ok,1.2901791729813436e-158
hsa-miR-4477b,12.0,2,-28.40859012025365,1.2139503807889576,4.0996733725626365e-121,ok,9.771158275317272e-121
hsa-miR-4479,17.0,5,-28.408590120255383,1.0362027506596145,1.7652592800675006e-165,ok,6.048019010685812e-165
hsa-miR-4482-5p,186.0,11,-32.73667524291448,0.7427542746760316,0.0,ok,0.0
hsa-miR-4485-3p,2.0,1,,,,too_sparse,
hsa-miR-4485-5p,3.0,1,,,,too_sparse,
hsa-miR-4487,17.0,4,-28.408590120256342,0.9213705108442506,9.476481034913588e-209,ok,4.329028836403707e-208
hsa-miR-4488,404.0,9,1.288128088410867,1.0354123300163482,0.2134728518035307,ok,0.2659589455320847
hsa-miR-4491,2.0,1,,,,too_sparse,
hsa-miR-449a,10.0,3,-28.40859012025214,1.173620157120431,1.925902935776397e-129,ok,4.9629037191161e-129
hsa-miR-449c-5p,22.0,4,-28.408590120251425,1.164952795722466,2.40511945630619e-131,ok,6.278298840487587e-131
hsa-miR-450a-5p,137.0,16,-1.046724866862234,1.5523852314805613,0.5001404607483512,ok,0.5600136441791427
hsa-miR-450b-5p,614.0,23,-1.21425535425408,1.2087628664189825,0.31511652615881225,ok,0.374783560697759
hsa-miR-4511,47.0,10,-29.85128516114116,0.7445711060975301,0.0,ok,0.0
hsa-miR-4512,13.0,4,-28.40859012025387,1.0639424468699084,4.552439550897996e-157,ok,1.4524449995722177e-156
hsa-miR-4513,22.0,4,-28.40859012025138,0.7889921492474957,6.696351071756975e-284,ok,5.176794482396739e-283
hsa-miR-451a,88.0,1,,,,too_sparse,
hsa-miR-452-5p,85.0,11,-31.293980202033204,0.8053215234889385,0.0,ok,0.0
hsa-miR-4520-5p,5.0,1,,,,too_sparse,
hsa-miR-4523,2.0,1,,,,too_sparse,
hsa-miR-4524a-5p,1.0,1,,,,too_sparse,
hsa-miR-4526,4.0,1,,,,too_sparse,
hsa-miR-4529-5p,27.0,5,2.6270468997268623,1.5703100126079335,0.09433754521277443,ok,0.1261320172135321
hsa-miR-454-5p,85.0,3,-31.293980202054417,1.3128807661156252,1.4107792638738754e-125,ok,3.559413791280112e-125
hsa-miR-455-5p,32.0,6,-29.85128516114195,0.7868275200942827,0.0,ok,0.0
hsa-miR-4632-5p,5.0,1,,,,too_sparse,
hsa-miR-4638-5p,55.0,10,-29.85128516115087,0.6821618026227894,0.0,ok,0.0
hsa-miR-4642,14.0,3,-28.408590120247997,1.0188705676914185,4.357731068194357e-171,ok,1.564114186976903e-170
hsa-miR-4645-3p,27.0,2,-29.851285161143153,1.1523482715687512,5.888796053502001e-148,ok,1.7071846251258206e-147
hsa-miR-4645-5p,109.0,11,-31.293980202030745,0.7493473936190649,0.0,ok,0.0
hsa-miR-4646-5p,100.0,20,2.1468252316879157,1.0685122806632106,0.04451886869790986,ok,0.06453095630971069
hsa-miR-4647,11.0,4,-28.4085901202556,0.980113923451536,1.0172896455838633e-184,ok,3.9575848792714164e-184
hsa-miR-4653-5p,12.0,2,-28.40859012025376,1.2244156149059549,4.3712939461035356e-119,ok,1.0216628874032683e-118
hsa-miR-4654,10.0,4,-28.40859012025237,0.9140928153920048,4.709571190474865e-212,ok,2.236119234532554e-211
hsa-miR-4655-5p,3.0,1,,,,too_sparse,
hsa-miR-4657,10.0,3,-28.40859012025403,1.086790287732075,1.2838317958273754e-150,ok,3.832428578633205e-150
hsa-miR-4658,143.0,13,1.112473726897108,1.3921077105898094,0.4242155805613468,ok,0.48631557999713326
hsa-miR-4659a-5p,8.0,2,-26.965895079364486,1.1573018324445294,4.365598875552011e-120,ok,1.024301992979713e-119
hsa-miR-4659b-5p,20.0,5,1.931901481255389,1.5985024096025946,0.22682822623060706,ok,0.2802815992152788
hsa-miR-4660,4.0,1,,,,too_sparse,
hsa-miR-4661-5p,28.0,6,-29.851285161141718,0.9677098735412223,6.079322568038287e-209,ok,2.7983446629977764e-208
hsa-miR-4662a-5p,108.0,12,-31.293980202029076,0.7099351474467919,0.0,ok,0.0
hsa-miR-4664-5p,7.0,2,-26.965895079363985,1.1073950121886962,5.692727024013183e-131,ok,1.4796182739137713e-130
hsa-miR-4665-5p,11.0,6,1.1124737268895113,1.4526010528164564,0.443765882896356,ok,0.504888353559439
hsa-miR-4666a-5p,7.0,1,,,,too_sparse,
hsa-miR-4667-5p,10.0,3,3.2120094004108672,1.6023116726833737,0.04500479692368829,ok,0.0650788790047579
hsa-miR-4670-5p,3.0,1,,,,too_sparse,
hsa-miR-4671-5p,1.0,1,,,,too_sparse,
hsa-miR-4672,7.0,2,-26.965895079363573,1.1270110657918295,1.607400210414752e-126,ok,4.072530785210485e-126
hsa-miR-4673,2.0,1,,,,too_sparse,
hsa-miR-4676-5p,9.0,5,-28.40859012025419,0.8603973761359004,4.4831100977293934e-239,ok,2.435419269307049e-238
hsa-miR-4677-5p,67.0,10,0.8021336062985753,0.9656684820720967,0.4061707470094399,ok,0.47009781275756674
hsa-miR-4682,4.0,1,,,,too_sparse,
hsa-miR-4684-5p,3.0,1,,,,too_sparse,
hsa-miR-4685-5p,40.0,7,-29.8512851611394,0.6715588418876844,0.0,ok,0.0
hsa-miR-4687-5p,15.0,5,-28.408590120254136,0.9278779889623895,7.33047806762544e-206,ok,3.250204613807456e-205
hsa-miR-4688,9.0,3,2.6270468996865697,1.8194971602095327,0.1487864430137698,ok,0.19008098546038812
hsa-miR-4690-5p,10.0,1,,,,too_sparse,
hsa-miR-4691-5p,3.0,1,,,,too_sparse,
hsa-miR-4695-5p,2.0,1,,,,too_sparse,
hsa-miR-4697-5p,48.0,9,-29.851285161127713,0.7899725962789045,0.0,ok,0.0
hsa-miR-4707-5p,57.0,6,3.5468765510403335,1.3709387435111504,0.009676272337575996,ok,0.015435958252799803
hsa-miR-4708-5p,17.0,2,-28.408590120255408,1.0734116092615664,2.4070221662188413e-154,ok,7.520385317253685e-154
hsa-miR-4709-3p,12.0,2,-28.408590120251713,1.2007432030203642,9.497398018039806e-124,ok,2.3471028708516406e-123
hsa-miR-4709-5p,16.0,3,-28.408590120252626,1.0554011790234752,1.376512972881172e-159,ok,4.5110724056921017e-159
hsa-miR-4710,6.0,1,,,,too_sparse,
hsa-miR-4712-5p,6.0,1,,,,too_sparse,
hsa-miR-4714-5p,3.0,1,,,,too_sparse,
hsa-miR-4721,4.0,2,-26.965895079369332,1.139092958695732,6.821734857988915e-124,ok,1.6928008721676194e-123
hsa-miR-4724-5p,34.0,7,-29.851285161133752,0.8682586920213102,4.910516487993737e-259,ok,3.2185233068045905e-258
hsa-miR-4727-5p,15.0,2,-28.408590120256143,1.1953149171328061,7.398616002164981e-125,ok,1.8589022705439514e-124
hsa-miR-4729,3.0,1,,,,too_sparse,
hsa-miR-4732-5p,5422.0,20,-0.6715237998765188,0.8666142075978588,0.43840935556695104,ok,0.5016334751553538
hsa-miR-4738-5p,40.0,9,-29.851285161141245,0.7064277734739898,0.0,ok,0.0
hsa-miR-4741,46.0,12,3.241756743855572,1.2326911260000293,0.008542989098797993,ok,0.013773856755548637
hsa-miR-4742-5p,33.0,8,-29.851285161141416,0.702704764226281,0.0,ok,0.0
hsa-miR-4743-5p,2.0,1,,,,too_sparse,
hsa-miR-4745-5p,62.0,9,3.4691672399451448,1.0322824766226295,0.0007775189494449462,ok,0.0013871122086251556
hsa-miR-4746-5p,151.0,11,-31.2939802020256,0.7784847715996168,0.0,ok,0.0
hsa-miR-4748,18.0,2,-28.408590120253642,1.4674148124211916,1.6913519341101927e-83,ok,3.422433611639081e-83
hsa-miR-4751,9.0,2,-28.408590120251063,1.1238898972848326,5.716295606648212e-141,ok,1.566784659458578e-140
hsa-miR-4753-5p,11.0,4,-28.408590120255663,0.963167800064607,3.341551691377058e-191,ok,1.3523192415438697e-190
hsa-miR-4755-3p,21.0,3,1.1864743083382208,1.6660975034757581,0.47638565621323725,ok,0.5369356087786581
hsa-miR-4755-5p,44.0,10,2.475043806281865,1.0715482063640014,0.02090017219983499,ok,0.03158597452757017
hsa-miR-4757-3p,5.0,2,-26.965895079365364,1.2088186505130778,3.114811725497166e-110,ok,6.854859381294859e-110
hsa-miR-4757-5p,13.0,5,1.9749702031470346,1.4330707591683454,0.16816048409337514,ok,0.2123937676781941
hsa-miR-4762-5p,24.0,6,-0.0891601342725401,1.5556111802428472,0.9542941286124339,ok,0.9655022811296939
hsa-miR-4763-5p,5.0,1,,,,too_sparse,
hsa-miR-4766-5p,5.0,3,-26.96589507936479,1.0389563315247083,1.605384614949259e-148,ok,4.699256906866035e-148
hsa-miR-4767,106.0,16,0.37550813273089806,1.066869797725058,0.7248593763753367,ok,0.7736109804501381
hsa-miR-4772-5p,62.0,9,-31.2939802020235,0.861107160980166,3.5714778355767256e-289,ok,2.9102718038550885e-288
hsa-miR-4773,4.0,1,,,,too_sparse,
hsa-miR-4775,29.0,4,-29.851285161141277,0.882900716360488,1.3840493803261486e-250,ok,8.102735692589005e-250
hsa-miR-4777-5p,8.0,3,-26.965895079365257,0.9482051830402842,6.688352290669439e-178,ok,2.5365260574048247e-177
hsa-miR-4781-5p,22.0,6,-28.408590120255756,0.8162916709505355,2.267872699687668e-265,ok,1.5194747087907377e-264
hsa-miR-4785,39.0,12,-0.81352569159822,1.4790097555947954,0.5822867604565787,ok,0.6383980301005763
hsa-miR-4786-5p,7.0,3,-26.965895079364394,0.9715216181268814,1.4605589915229986e-169,ok,5.1806886581668714e-169
hsa-miR-4787-3p,1.0,1,,,,too_sparse,
hsa-miR-4787-5p,1.0,1,,,,too_sparse,
hsa-miR-4788,4.0,1,,,,too_sparse,
hsa-miR-4796-5p,6.0,2,-26.965895079363538,1.3136116190420906,1.209122133998569e-93,ok,2.488398111949273e-93
hsa-miR-4797-5p,23.0,4,-29.85128516114327,0.8705886366764177,1.1596253078673475e-257,ok,7.283896465041777e-257
hsa-miR-4800-3p,21.0,5,3.112473726897109,1.668150154151886,0.062066066051452116,ok,0.08663388386348525
hsa-miR-4800-5p,55.0,11,1.4046544788089257,1.6196843790349553,0.385810727501003,ok,0.44998814058627623
hsa-miR-4802-5p,3.0,1,,,,too_sparse,
hsa-miR-4804-5p,1.0,1,,,,too_sparse,
hsa-miR-483-5p,843.0,24,1.3697488634712833,1.1616177390743436,0.23832909306974004,ok,0.292098461628157
hsa-miR-484,36028.0,38,0.373766901254864,0.29666077168061145,0.2077005802013855,ok,0.25984118228513575
hsa-miR-485-5p,1009.0,23,-0.6442551220862223,0.8894421683327607,0.46885938434887375,ok,0.5310488774532944
hsa-miR-486-5p,24140825.0,39,0.005997336941067439,0.15467177409585828,0.9690700918995773,ok,0.9771700557296106
hsa-miR-487a-5p,15.0,5,-28.408590120252708,0.9368043558886681,5.368732792927484e-202,ok,2.295989981656222e-201
hsa-miR-487b-5p,218.0,9,-32.736675242912895,0.8502840072818634,0.0,ok,0.0
hsa-miR-489-5p,16.0,3,-28.408590120252754,1.0548005074570723,9.105254764370147e-160,ok,3.0002560780957367e-159
hsa-miR-490-5p,90.0,13,0.00813706708237275,1.1705627410006916,0.9944536181786022,ok,0.9944536181786022
hsa-miR-491-5p,2.0,1,,,,too_sparse,
hsa-miR-493-5p,332.0,15,-32.73667524291827,0.7772668710977723,0.0,ok,0.0
hsa-miR-494-5p,32.0,6,-29.851285161142897,0.962956393234993,5.453933359134409e-211,ok,2.549396756246549e-210
hsa-miR-495-5p,12.0,4,-28.408590120251944,1.0336580503959572,2.761393847710713e-166,ok,9.514974229540342e-166
hsa-miR-496,7.0,2,-26.96589507936483,1.3931937656806308,1.8337887483584394e-83,ok,3.6982428604018025e-83
hsa-miR-497-5p,470.0,21,-0.819839465514149,0.9559803124737863,0.391118720081553,ok,0.45529843283624805
hsa-miR-4999-5p,8.0,1,,,,too_sparse,
hsa-miR-499a-5p,31.0,5,-29.851285161143036,0.8484332988229956,3.5117420659276763e-271,ok,2.491271136181634e-270
hsa-miR-5000-5p,16.0,4,-28.40859012025205,1.0973130609012351,8.805496822868338e-148,ok,2.540533293870626e-147
hsa-miR-5001-5p,82.0,9,0.4895433759769342,1.608184241603163,0.7608174396841954,ok,0.8020505526740731
hsa-miR-5003-3p,7.0,1,,,,too_sparse,
hsa-miR-5003-5p,10.0,3,-28.408590120253105,1.0906288703794835,1.4211604155338573e-149,ok,4.180291368619102e-149
hsa-miR-5006-3p,2.0,1,,,,too_sparse,
hsa-miR-5006-5p,3.0,2,-25.523200038475334,1.2137003051763744,3.542491858603051e-98,ok,7.417092328950138e-98
hsa-miR-500a-5p,3978.0,33,-0.903220080208039,0.472959721965316,0.056169426991703755,ok,0.07950742834741166
hsa-miR-501-5p,14678.0,38,0.007313963342521892,0.3126908316702236,0.9813388633339015,ok,0.986245557650571
hsa-miR-502-5p,1203.0,28,-1.183983680474138,0.8195120086131948,0.14853027804145105,ok,0.19008098546038812
hsa-miR-503-5p,21.0,3,-28.408590120255592,1.027508819030716,2.947586083434184e-168,ok,1.0333688420411704e-167
hsa-miR-504-5p,3.0,1,,,,too_sparse,
hsa-miR-505-5p,355.0,20,-2.020925398518305,1.1950805540016478,0.09082974202351456,ok,0.1217118543115095
hsa-miR-508-5p,3.0,1,,,,too_sparse,
hsa-miR-509-3-5p,37.0,8,-29.851285161145157,0.8022018165674785,4.4159316493091405e-303,ok,4.365257023825265e-302
hsa-miR-509-5p,37.0,8,-29.851285161145157,0.8022018165674785,4.4159316493091405e-303,ok,4.365257023825265e-302
hsa-miR-5094,7.0,2,-26.965895079364252,1.201524489257531,1.4956482961832472e-111,ok,3.3035748080531063e-111
hsa-miR-511-5p,143.0,12,-31.2939802020307,0.7488453012567571,0.0,ok,0.0
hsa-miR-516a-5p,9.0,1,,,,too_sparse,
hsa-miR-517-5p,3.0,2,-25.52320003847573,1.1891164991787195,3.3792059807720483e-102,ok,7.251463367991264e-102
hsa-miR-517a-3p,1.0,1,,,,too_sparse,
hsa-miR-517b-3p,2.0,1,,,,too_sparse,
hsa-miR-5188,7.0,2,-26.965895079363765,1.0687896508157113,1.8630576370155543e-140,ok,5.083365407784521e-140
hsa-miR-5189-5p,537.0,19,-0.5005031499926687,1.3795990848566166,0.7167626300423573,ok,0.7690531421984723
hsa-miR-518b,3.0,1,,,,too_sparse,
hsa-miR-5190,17.0,2,-28.40859012026037,1.2962681528546838,1.8414879909712908e-106,ok,4.023250936795972e-106
hsa-miR-5193,2.0,1,,,,too_sparse,
hsa-miR-5196-5p,2.0,1,,,,too_sparse,
hsa-miR-520a-5p,1.0,1,,,,too_sparse,
hsa-miR-526b-5p,6.0,1,,,,too_sparse,
hsa-miR-532-5p,8486.0,34,-1.955509103286348,0.5323946865467858,0.0002396782040559165,ok,0.00044197540380953415
hsa-miR-539-5p,109.0,10,-31.29398020205611,0.7944686031194697,0.0,ok,0.0
hsa-miR-541-5p,10.0,3,-28.40859012025061,1.087743144579809,2.337361887115313e-150,ok,6.943001073549426e-150
hsa-miR-542-5p,43.0,9,1.1489996039179788,1.6015170889971573,0.4730998789968013,ok,0.5342307622379611
hsa-miR-543,312.0,17,-2.252098705362658,1.2054471146942984,0.06172467434112788,ok,0.08635725899698403
hsa-miR-544b,9.0,1,,,,too_sparse,
hsa-miR-548a-3p,18.0,2,-28.408590120254644,1.2011935673323504,1.1719124153435562e-123,ok,2.8843395365394466e-123
hsa-miR-548a-5p,8.0,3,-26.965895079365534,1.03092549154411,8.209110342037008e-151,ok,2.475046768124158e-150
hsa-miR-548ac,32.0,3,-29.851285161142275,1.011090148807822,1.422520248633206e-191,ok,5.875203492642624e-191
hsa-miR-548ad-5p,122.0,2,-31.293980202030244,1.1373548157067455,1.1709911694513451e-166,ok,4.0580900872365576e-166
hsa-miR-548ae-5p,39.0,3,-29.851285161138257,1.0709066606193098,5.395886831309209e-171,ok,1.9252779640706824e-170
hsa-miR-548ag,7.0,2,-26.965895079364206,1.1978545465764157,3.178924670217049e-112,ok,7.073400649966349e-112
hsa-miR-548ai,2.0,1,,,,too_sparse,
hsa-miR-548al,3.0,1,,,,too_sparse,
hsa-miR-548ap-3p,10.0,2,-28.408590120252896,1.3882390826227378,4.530694676547786e-93,ok,9.292547244756174e-93
hsa-miR-548ap-5p,25.0,2,-29.85128516114274,1.2097405074914602,1.9468360271978331e-134,ok,5.148868966667953e-134
hsa-miR-548aq-3p,3.0,1,,,,too_sparse,
hsa-miR-548au-5p,746.0,13,-34.17937028378722,0.7384496878797214,0.0,ok,0.0
hsa-miR-548av-5p,337.0,16,-0.45489471380374125,1.2515587544345332,0.7162593970384826,ok,0.7690531421984723
hsa-miR-548ax,78.0,4,-31.293980201959666,1.0383193122567163,1.4916760528125761e-199,ok,6.334370843985799e-199
hsa-miR-548b-5p,16.0,1,,,,too_sparse,
hsa-miR-548ba,2.0,1,,,,too_sparse,
hsa-miR-548e-5p,415.0,21,-0.7643780423026088,0.8485447010943995,0.36768904256685064,ok,0.43051746149089504
hsa-miR-548j-3p,2.0,1,,,,too_sparse,
hsa-miR-548l,3.0,1,,,,too_sparse,
hsa-miR-549a,15.0,4,-28.408590120252708,1.0532017972154661,3.0205182972291045e-160,ok,1.0007541391368956e-159
hsa-miR-550a-3-5p,464.0,24,0.3001808820238361,0.6519597516865291,0.6452086471739337,ok,0.700447215582901
hsa-miR-550b-2-5p,5.0,2,-26.96589507936284,1.3386510409275114,3.0328606337093912e-90,ok,6.157626135106946e-90
hsa-miR-551a,7.0,3,-26.965895079363744,0.9884049794285535,6.892727023241205e-164,ok,2.3350080870867677e-163
hsa-miR-551b-5p,3.0,2,-25.523200038475483,1.1202369863081876,6.645136702302778e-115,ok,1.5063975306348028e-114
hsa-miR-556-5p,26.0,6,-29.85128516115971,0.8505728705182202,7.89346070732165e-270,ok,5.470984835074661e-269
hsa-miR-5571-5p,10.0,2,-28.40859012025303,1.1034581515335162,3.6618702370747274e-146,ok,1.031826052783206e-145
hsa-miR-5581-5p,5.0,3,-26.965895079366113,1.1375153392562758,3.129745420666249e-124,ok,7.798497887032018e-124
hsa-miR-5582-5p,3.0,1,,,,too_sparse,
hsa-miR-5586-5p,4.0,1,,,,too_sparse,
hsa-miR-5587-5p,18.0,5,-28.408590120236628,1.0015239318745484,5.411067774439594e-177,ok,2.039296167491922e-176
hsa-miR-5588-5p,99.0,14,0.48020551139760725,1.6134704386338896,0.7659911078996462,ok,0.8060953543865387
hsa-miR-5589-5p,9.0,1,,,,too_sparse,
hsa-miR-559,3.0,1,,,,too_sparse,
hsa-miR-561-5p,3.0,1,,,,too_sparse,
hsa-miR-5680,3.0,1,,,,too_sparse,
hsa-miR-5683,24.0,4,2.1124737268971066,1.7567350195063969,0.2291698956661652,ok,0.28259600631226506
hsa-miR-5696,6.0,2,-26.965895079363886,1.1751946120155958,1.6192198829557846e-116,ok,3.7409562813116406e-116
hsa-miR-5697,2.0,1,,,,too_sparse,
hsa-miR-5699-5p,4.0,2,-26.96589507936318,1.1364632310959093,1.8580528692441782e-124,ok,4.648987054581907e-124
hsa-miR-5700,2.0,1,,,,too_sparse,
hsa-miR-5706,16.0,4,-28.40859012025157,0.9469312223784959,9.612134834914464e-198,ok,4.0532288849324627e-197
hsa-miR-574-5p,345.0,12,0.6929348353833209,1.1407284592166291,0.5435527030861067,ok,0.6025041911046367
hsa-miR-576-5p,347.0,19,-1.1676341922956324,1.4037787107338073,0.405533482246058,ok,0.47009781275756674
hsa-miR-577,22.0,5,-28.408590120251368,0.8370602798527285,1.8013575762875095e-252,ok,1.0754639787142262e-251
hsa-miR-578,17.0,3,-28.408590120258335,1.0757781093202614,1.1242564345966141e-153,ok,3.4765468208295295e-153
hsa-miR-579-5p,7.0,2,-26.965895079363268,1.1966887074707302,1.9379187243504943e-112,ok,4.344107772428803e-112
hsa-miR-580-5p,3.0,3,-25.523200038475448,1.0061474756695041,5.7976928078866566e-142,ok,1.5963510334044082e-141
hsa-miR-582-5p,289.0,13,-32.73667524290751,0.8238587644311187,0.0,ok,0.0
hsa-miR-584-5p,53627.0,39,-1.1191708056540544,0.5433025483211162,0.039404249974439955,ok,0.05781207478001774
hsa-miR-589-5p,3567.0,32,-1.339973451017595,0.5054261021482638,0.00802120784202236,ok,0.012967260934958402
hsa-miR-590-5p,12.0,4,-28.408590120251734,0.991650550090273,1.7082834305150463e-180,ok,6.5195880291175505e-180
hsa-miR-592,35.0,6,-29.851285161144517,0.7581199296435677,0.0,ok,0.0
hsa-miR-599,15.0,4,-28.408590120253006,0.8795730391742254,7.423731583620333e-229,ok,3.892617517324401e-228
hsa-miR-605-5p,1.0,1,,,,too_sparse,
hsa-miR-607,4.0,1,,,,too_sparse,
hsa-miR-6087,1.0,1,,,,too_sparse,
hsa-miR-610,28.0,6,-0.3204856803785067,1.6054921685183576,0.8417790837930683,ok,0.8766714810487396
hsa-miR-615-5p,26.0,9,-29.851285161137618,0.7570700528547152,0.0,ok,0.0
hsa-miR-616-5p,104.0,15,0.8494393210633114,1.5970650360573044,0.594812419353818,ok,0.6474221820764481
hsa-miR-618,20.0,4,-28.408590120253695,1.0651748980766493,1.0394331740024875e-156,ok,3.298832652228947e-156
hsa-miR-619-5p,40.0,8,2.4344018217997743,1.501500121735472,0.10495050627275448,ok,0.13817719493989292
hsa-miR-624-5p,6.0,3,-26.96589507936342,1.0472171307592235,3.2191463435884883e-146,ok,9.113357958609664e-146
hsa-miR-625-5p,1020.0,20,-3.554282864984311,1.4283044199338888,0.01282965449370994,ok,0.019938870256977048
hsa-miR-627-5p,269.0,19,-3.631687368664675,1.2577392819571684,0.0038835076821774894,ok,0.0065229947976407415
hsa-miR-628-5p,938.0,23,-0.9453703474401466,0.7489574466900073,0.2068594135277575,ok,0.25932687392357123
hsa-miR-629-5p,292.0,18,-0.3832214357259778,1.1373988311347951,0.7361712286687043,ok,0.7815338924070928
hsa-miR-636,215.0,17,2.963511087802564,0.7127515111119038,3.212623349507506e-05,ok,6.13041734099059e-05
hsa-miR-641,53.0,6,-29.851285161144894,0.9036109554387793,2.5086779817622574e-239,ok,1.3878282779840744e-238
hsa-miR-642a-5p,45.0,4,-29.851285161140847,1.2807693644688525,3.737936010749376e-120,ok,8.80459146281982e-120
hsa-miR-643,2.0,1,,,,too_sparse,
hsa-miR-6499-5p,579.0,36,3.8846540136473755,0.6972190255691961,2.523512066189203e-08,ok,5.072259253040298e-08
hsa-miR-650,5.0,1,,,,too_sparse,
hsa-miR-6501-5p,21.0,5,-28.408590120256115,0.9718152394783673,7.494699121054389e-188,ok,2.9346127077894783e-187
hsa-miR-6502-5p,12.0,5,-28.408590120252565,0.930075196201195,6.710503700085952e-205,ok,2.953601263614474e-204
hsa-miR-6509-3p,32.0,8,2.597900554873525,1.6094617914067124,0.10649653748941071,ok,0.13960306979590142
hsa-miR-6509-5p,63.0,9,-31.293980202026756,0.7519249927065057,0.0,ok,0.0
hsa-miR-651-5p,121.0,11,-31.293980202031133,0.8177316998970076,0.0,ok,0.0
hsa-miR-6510-5p,5.0,1,,,,too_sparse,
hsa-miR-6511b-5p,208.0,14,1.354674629314004,0.9728792737442186,0.16378963017404968,ok,0.20836528901888599
hsa-miR-6512-5p,4.0,2,-26.965895079363747,1.1555546150741942,1.916929094238384e-120,ok,4.550819857581675e-120
hsa-miR-6513-3p,14.0,5,-28.408590120251517,0.9330207624500532,1.2742855080472394e-203,ok,5.528015549298456e-203
hsa-miR-6513-5p,21.0,6,-28.408590120357104,0.9001108325399985,1.2582616839715258e-218,ok,6.322764961956917e-218
hsa-miR-6515-5p,29.0,5,-29.851285161141185,0.8685300285289327,7.105786539933449e-259,ok,4.607300304924592e-258
hsa-miR-6516-5p,5.0,3,-26.965895079366348,1.050340080700824,2.3118407852585464e-145,ok,6.453888858846776e-145
hsa-miR-652-5p,13611.0,33,-1.0273079938039427,0.43214847742999996,0.017444119620304212,ok,0.026697472413815836
hsa-miR-653-5p,8.0,1,,,,too_sparse,
hsa-miR-654-5p,2224.0,22,-3.2179542953791938,1.3849827645054449,0.020154367245684354,ok,0.030535385550622275
hsa-miR-656-5p,24.0,6,-29.85128516114621,0.8828683702817947,1.327230098816926e-250,ok,7.846272054770651e-250
hsa-miR-659-5p,29.0,8,-29.851285161143313,0.7455136184151272,0.0,ok,0.0
hsa-miR-660-5p,6960.0,34,-1.9206345849144402,0.48265099427270114,6.910553928922489e-05,ok,0.00012981507847788974
hsa-miR-664a-5p,120.0,14,-31.29398020203129,0.7924900574287455,0.0,ok,0.0
hsa-miR-664b-3p,1.0,1,,,,too_sparse,
hsa-miR-664b-5p,26.0,6,0.849439321111605,1.5839877765131674,0.5917744930299402,ok,0.6452803242261373
hsa-miR-665,16.0,3,-28.40859012025238,1.1019491951196734,1.474576743982502e-146,ok,4.214074770717766e-146
hsa-miR-668-5p,24.0,7,-0.08916013427254331,1.5434256085615892,0.953933673703324,ok,0.9655022811296939
hsa-miR-671-5p,1614.0,27,-0.18730122575169064,0.7203552703461892,0.794854291056462,ok,0.8335602391426897
hsa-miR-6715a-3p,9.0,2,-28.4085901202522,1.115507603202841,4.5807995708420245e-143,ok,1.2670743767053857e-142
hsa-miR-6716-5p,3.0,1,,,,too_sparse,
hsa-miR-6721-5p,2.0,1,,,,too_sparse,
hsa-miR-6724-5p,6.0,1,,,,too_sparse,
hsa-miR-6727-5p,7.0,2,-26.96589507936475,1.181754034244993,3.001925143276472e-115,ok,6.856669929529214e-115
hsa-miR-6729-5p,10.0,2,-28.40859012025442,1.3121774093173848,6.08313671390449e-104,ok,1.3100469423158598e-103
hsa-miR-6730-5p,8.0,2,-26.96589507936403,1.1721715468301976,4.1467161743881886e-117,ok,9.617191742907991e-117
hsa-miR-6732-5p,8.0,2,-26.96589507936496,1.1849319403568626,1.2139921264375504e-114,ok,2.741712555212895e-114
hsa-miR-6733-5p,7.0,1,,,,too_sparse,
hsa-miR-6734-3p,3.0,1,,,,too_sparse,
hsa-miR-6734-5p,22.0,4,4.964916538483247,1.3010885346295304,0.0001356482583719179,ok,0.0002540245335349891
hsa-miR-6735-5p,114.0,15,1.476630057173774,0.8446296641032722,0.08041946693070849,ok,0.1094648725941698
hsa-miR-6737-5p,26.0,5,-29.851285161139113,0.9101571472453084,6.298801100391237e-236,ok,3.391229521014211e-235
hsa-miR-6738-5p,4.0,1,,,,too_sparse,
hsa-miR-6739-5p,6.0,1,,,,too_sparse,
hsa-miR-6741-5p,208.0,16,1.0344712148969106,1.0334720973098426,0.3168428796672551,ok,0.3755117102248619
hsa-miR-6746-5p,4.0,1,,,,too_sparse,
hsa-miR-6747-5p,9.0,4,-28.40859012025258,0.9553669252953186,2.6475602507460504e-194,ok,1.1010198835861162e-193
hsa-miR-6748-5p,2.0,1,,,,too_sparse,
hsa-miR-6749-3p,11.0,2,3.0193643225056257,1.763588113835584,0.08688606568186286,ok,0.11668663163956192
hsa-miR-675-3p,8.0,3,-26.965895079365634,0.9525901772247924,2.7571221754188122e-176,ok,1.0262621430725579e-175
hsa-miR-675-5p,8.0,3,-26.965895079365634,0.9525901772247924,2.7571221754188122e-176,ok,1.0262621430725579e-175
hsa-miR-6750-5p,8.0,2,-26.965895079364124,1.0839904778695533,1.3364077334926414e-136,ok,3.5500170189253864e-136
hsa-miR-6753-5p,3.0,1,,,,too_sparse,
hsa-miR-6754-5p,6.0,3,3.4344018217844656,1.9328367785405136,0.0755894495504865,ok,0.10406492712087526
hsa-miR-6758-5p,13.0,3,-28.40859012025402,1.2057756277516725,9.815122167564331e-123,ok,2.3769151273258198e-122
hsa-miR-676-5p,2.0,1,,,,too_sparse,
hsa-miR-6762-3p,4.0,2,-26.965895079363012,1.2791464970469961,1.1843872024997932e-98,ok,2.4971520388369764e-98
hsa-miR-6762-5p,4.0,2,-26.965895079363012,1.2791464970469961,1.1843872024997932e-98,ok,2.4971520388369764e-98
hsa-miR-6763-5p,19.0,3,4.282398728259236,1.5967266147693233,0.007318648118651818,ok,0.011895269044601203
hsa-miR-6764-5p,2.0,1,,,,too_sparse,
hsa-miR-6769b-5p,6.0,1,,,,too_sparse,
hsa-miR-6770-5p,24.0,6,-29.851285161159005,0.8767803379543795,4.57587897058544e-254,ok,2.787126282083859e-253
hsa-miR-6775-5p,16.0,5,0.5275112325712941,1.598582434380398,0.7414098743880544,ok,0.7848676816142934
hsa-miR-6779-5p,6.0,3,-26.96589507936322,1.0248895761909398,1.4343356653625788e-152,ok,4.390377696515913e-152
hsa-miR-6781-5p,18.0,4,-28.408590120254356,0.802611565163527,2.0245708151449953e-274,ok,1.4708628934125688e-273
hsa-miR-6782-5p,8.0,1,,,,too_sparse,
hsa-miR-6786-5p,8.0,3,-26.96589507934794,1.0464974567970544,2.038645453596405e-146,ok,5.7986000401822275e-146
hsa-miR-6791-5p,14.0,4,3.1124737266405345,1.5165735127651723,0.04013988159429626,ok,0.05874841893534137
hsa-miR-6793-5p,4.0,1,,,,too_sparse,
hsa-miR-6795-5p,222.0,27,4.015572743343288,0.7357537503918403,4.8215903564846533e-08,ok,9.595442194588269e-08
hsa-miR-6800-5p,2.0,1,,,,too_sparse,
hsa-miR-6802-5p,7.0,3,-26.965895079364284,1.1210558088416969,7.577773314667228e-128,ok,1.9280157420862187e-127
hsa-miR-6803-5p,27.0,7,-0.2660378963565792,1.44627316476435,0.8540548777669305,ok,0.884871290882232
hsa-miR-6805-5p,19.0,5,-28.408590120254466,0.7851569319638498,1.166166377254047e-286,ok,9.252609545844609e-286
hsa-miR-6807-5p,8.0,2,-26.96589507936488,1.2438769088132973,3.244758099690968e-104,ok,7.012864279977254e-104
hsa-miR-6812-5p,8.0,2,-26.965895079365332,1.2702996345035291,5.267869669536708e-100,ok,1.1264274506137005e-99
hsa-miR-6813-5p,41.0,6,-29.85128516114135,0.888320068337896,1.4565434701351e-247,ok,8.285808608410049e-247
hsa-miR-6815-5p,35.0,8,2.161383327629877,1.2594954362545583,0.08614908679462746,ok,0.11595513244901867
hsa-miR-6816-5p,21.0,8,-28.408590120251354,0.7692852019697658,1.6092997904863881e-298,ok,1.540329799465543e-297
hsa-miR-6817-5p,20.0,5,-28.40859012025375,0.9155552510340529,2.203792349061502e-211,ok,1.038192801940692e-210
hsa-miR-6819-5p,65.0,8,1.1367212731433365,1.4163135784538492,0.4222108691026041,ok,0.4849393410835624
hsa-miR-6821-5p,7.0,1,,,,too_sparse,
hsa-miR-6824-5p,4.0,2,-26.965895079363392,1.1467786454004227,2.900727990077795e-122,ok,6.968681187318369e-122
hsa-miR-6827-5p,1.0,1,,,,too_sparse,
hsa-miR-6828-3p,4.0,1,,,,too_sparse,
hsa-miR-6832-5p,4.0,1,,,,too_sparse,
hsa-miR-6834-3p,2.0,1,,,,too_sparse,
hsa-miR-6834-5p,2.0,1,,,,too_sparse,
hsa-miR-6837-5p,98.0,10,-31.293980202022485,0.7803209020181293,0.0,ok,0.0
hsa-miR-6840-5p,29.0,7,2.782325125204778,1.10686571057231,0.011947299756910333,ok,0.018760994149523258
hsa-miR-6842-3p,491.0,22,-0.553525345913243,1.0129390542438474,0.5847533921007482,ok,0.6399388301937408
hsa-miR-6845-5p,9.0,1,,,,too_sparse,
hsa-miR-6850-5p,103.0,15,-0.1949547982951377,1.2689671170696633,0.8778993808037284,ok,0.9018284951016154
hsa-miR-6851-5p,9.0,2,37.368624525288446,1.0127376956726626,4.862432414142847e-298,ok,4.510841147274057e-297
hsa-miR-6852-5p,1416.0,26,-0.4619964000060664,0.7054856317332644,0.5125559981966391,ok,0.572354197986247
hsa-miR-6853-5p,4.0,2,-26.965895079363477,1.2886204611510685,3.0935735811613547e-97,ok,6.45475733370345e-97
hsa-miR-6857-5p,3.0,1,,,,too_sparse,
hsa-miR-6861-5p,1.0,1,,,,too_sparse,
hsa-miR-6866-5p,30.0,8,-29.851285161136044,0.8244378628681577,4.5482467233113955e-287,ok,3.656790365542362e-286
hsa-miR-6869-5p,9.0,2,-28.408590120251414,1.2415708019273048,7.155915568251039e-116,ok,1.646953086891365e-115
hsa-miR-6873-5p,1.0,1,,,,too_sparse,
hsa-miR-6879-3p,1.0,1,,,,too_sparse,
hsa-miR-6879-5p,1.0,1,,,,too_sparse,
hsa-miR-6881-5p,13.0,2,-28.408590120253393,1.3102994012924036,3.101267980126448e-104,ok,6.726851050418158e-104
hsa-miR-6882-5p,2.0,1,,,,too_sparse,
hsa-miR-6885-3p,7.0,1,,,,too_sparse,
hsa-miR-6885-5p,7.0,1,,,,too_sparse,
hsa-miR-6886-5p,1.0,1,,,,too_sparse,
hsa-miR-6891-5p,20.0,4,-28.408590120252732,0.8786263405813303,2.4085138147572433e-229,ok,1.2739770441215945e-228
hsa-miR-6894-5p,6.0,1,,,,too_sparse,
hsa-miR-6895-5p,4.0,1,,,,too_sparse,
hsa-miR-7-5p,97.0,9,-31.293980202041617,0.7631551872236229,0.0,ok,0.0
hsa-miR-708-5p,15.0,1,,,,too_sparse,
hsa-miR-7110-3p,12.0,1,,,,too_sparse,
hsa-miR-7110-5p,14.0,2,-28.408590120251713,1.3899231810372052,7.5320788065008715e-93,ok,1.5396079729898393e-92
hsa-miR-7151-5p,9.0,2,-28.408590120251063,1.1702129647515396,3.478533508773845e-130,ok,9.002385003393256e-130
hsa-miR-7152-5p,3.0,2,-25.52320003847596,1.225539152588475,2.5109795968783073e-96,ok,5.221105851440067e-96
hsa-miR-7155-5p,15.0,5,0.6270469000573309,1.5353438214896022,0.6829740651701738,ok,0.7380526188129297
hsa-miR-758-5p,51.0,9,-29.851285161134196,0.8360107010791094,3.098016361074751e-279,ok,2.3063010688000923e-278
hsa-miR-760,689.0,31,2.6498302953711526,0.6971552597026036,0.00014416074014421643,ok,0.0002682991552684028
hsa-miR-766-5p,158.0,11,-1.256760082768615,1.3280179089664066,0.34397380972980485,ok,0.40491625845101853
hsa-miR-769-5p,3179.0,31,-1.623877823828932,0.5042479023712475,0.001280137231916591,ok,0.0022245612416302717
hsa-miR-7702,141.0,11,-2.6948811924784386,1.4331724167757423,0.06005892596896689,ok,0.08441849034798843
hsa-miR-7703,5.0,2,-26.965895079366373,1.2730308897017921,1.3867336989600513e-99,ok,2.9547718037912046e-99
hsa-miR-7704,3.0,1,,,,too_sparse,
hsa-miR-7705,44.0,9,-29.85128516114306,0.7196444641464685,0.0,ok,0.0
hsa-miR-7706,1726.0,29,0.6395378439100627,0.5172691450888185,0.21631977572263694,ok,0.26839675876697544
hsa-miR-7848-3p,8.0,3,-26.965895079365083,1.1178028986864075,1.3994877547508805e-128,ok,3.591026026020344e-128
hsa-miR-7849-3p,119.0,13,0.19918536009043922,1.582170597590553,0.8998160448902919,ok,0.9212038625956639
hsa-miR-7850-5p,14.0,3,-28.408590120250093,1.046909731336536,3.7384692870484937e-162,ok,1.2550420288251508e-161
hsa-miR-7853-5p,3.0,1,,,,too_sparse,
hsa-miR-7854-3p,43.0,7,-29.851285161147,0.8087026337656695,2.905799064853242e-298,ok,2.737807556416414e-297
hsa-miR-7856-5p,9.0,3,-28.40859012023057,1.132876751502529,8.975121788177107e-139,ok,2.416070731370891e-138
hsa-miR-7974,25.0,3,-29.851285161141455,1.2403773020344022,5.636757922064429e-128,ok,1.4402394182223943e-127
hsa-miR-7976,105.0,11,-2.2660378963331427,1.2850533929390104,0.07783636240448355,ok,0.10642931185919179
hsa-miR-8061,13.0,1,,,,too_sparse,
hsa-miR-8072,11.0,4,2.264476820292463,1.7533277716184363,0.19651968195910374,ok,0.24687785046112407
hsa-miR-8085,6.0,1,,,,too_sparse,
hsa-miR-873-5p,92.0,8,-2.0733928184054906,1.87056511945184,0.2676756185930699,ok,0.32281679602324226
hsa-miR-874-5p,824.0,27,0.912741902980569,0.4372822825910787,0.03686048879620504,ok,0.05421188961978449
hsa-miR-875-5p,8.0,1,,,,too_sparse,
hsa-miR-877-5p,4420.0,36,0.9214505659786998,0.5299177196632004,0.08206010878682488,ok,0.11069853601444161
hsa-miR-885-5p,588.0,20,0.26706461483131205,0.7844880524570909,0.7335314366492542,ok,0.7801048611984132
hsa-miR-887-3p,57.0,8,-29.851285161139273,0.8116603735038597,4.142523273924761e-296,ok,3.620205121995117e-295
hsa-miR-887-5p,34.0,4,-29.851285161140297,1.0665587782802852,2.248388695132811e-172,ok,8.167339657620993e-172
hsa-miR-889-5p,633.0,17,-2.8625143850948187,1.2850380895519369,0.025909094604118513,ok,0.03867124763931551
hsa-miR-891a-5p,13.0,2,-28.408590120253862,1.0954187437113279,2.7554430345498168e-148,ok,8.026725361514684e-148
hsa-miR-892a,1.0,1,,,,too_sparse,
hsa-miR-9-5p,66.0,12,-0.565598178207585,1.5690448129498316,0.7184934979397856,ok,0.7695409933529143
hsa-miR-92a-1-5p,3010136.0,37,0.5419220644966908,0.15596792189615988,0.0005116654796274038,ok,0.0009209978633293268
hsa-miR-92a-2-5p,3031395.0,39,0.5148226376285135,0.1505198861333274,0.0006255292019151107,ok,0.0011192703523881654
hsa-miR-92a-3p,128941.0,3,-6.541233469118489,1.981876854705705,0.0009650422583201701,ok,0.0017115308287266547
hsa-miR-92b-5p,29264.0,39,1.2023954721307024,0.2944458389444052,4.4345639540450644e-05,ok,8.408937309085452e-05
hsa-miR-93-5p,9748.0,34,-1.4078544129776407,0.4904998056701494,0.004101544012003943,ok,0.006870086220106606
hsa-miR-933,1.0,1,,,,too_sparse,
hsa-miR-939-5p,62.0,11,3.4691672399451443,1.051780425611169,0.0009724584460616112,ok,0.0017196259324784504
hsa-miR-940,8.0,4,-26.965895079365257,0.9410074482106714,1.3337870483364494e-180,ok,5.122761720680758e-180
hsa-miR-942-5p,665.0,25,0.1750151929658192,1.0552135948095165,0.8682690165652898,ok,0.8949849863057602
hsa-miR-943,17.0,4,-28.408590120256356,0.9500306961364133,1.8088848314634878e-196,ok,7.574705231753356e-196
hsa-miR-944,17.0,5,-28.408590120259017,0.9041196630922327,1.0365698192757043e-216,ok,5.123373778879096e-216
hsa-miR-95-5p,35.0,5,-29.851285161139938,1.0774754343793014,6.104872545902109e-169,ok,2.152770845133902e-168
hsa-miR-96-5p,2492.0,27,-0.5957433418313303,0.7034600890533974,0.3970643397351814,ok,0.46132908836284087
hsa-miR-98-5p,2489.0,28,-1.6158880762773584,0.6826310239577229,0.017925804482409206,ok,0.027365215450361396
hsa-miR-99a-5p,17278.0,33,-2.381571274900836,0.5520335182068168,1.6019729190466144e-05,ok,3.0961207377727834e-05
hsa-miR-99b-5p,63623.0,33,0.16429021030816376,0.47737146253834317,0.7307290375969824,ok,0.7784975435883046
